昵称,性别,时间,点赞量,评论,IP属地,二级评论条数,等级,uid,rpid
什么15615,男,2023-05-21 13:14:46 北京时间,3161,好高的技术力呜呜，但是感觉这部手书里景元和静流太过亲近了些，看着景元说出这些话难免也感觉有点说不上来的感觉，像遗憾，也像无奈,山东,76,5,1402186067,166320205616
-adjudicator_,保密,2023-05-21 14:25:12 北京时间,1572,6+1厨子，喜欢景元的人都是高品味的[傲娇],黑龙江,40,6,90904084,166332439808
暗猫の祝福,保密,2023-05-21 13:23:24 北京时间,6631,"有几个点[doge]一是做的时候不知道官方pv做的啥，二是不知道仙舟场景是咋样的，所以主要走一个情绪流，不用特别在意硬性的设定,之后东西多了，做起来就更顺手啦",上海,29,6,888465,166321691920
黎明前兆,男,2023-05-21 13:19:20 北京时间,9922,"她教我研习剑技，却始终未能与我亲近一些。但无边的夜色中，哪有比始终当空的明月，更亲近人的存在呢？ ——景元评镜流,这段话可以说是铁道的文案巅峰之一，好就好在它是反传统意象的一种陌生化运用。中国人对月亮的意象往往都在孤苦、凄冷、清幽，不在人间。但景元反其道而用之，月亮虽高悬天空，不近人情，可在夜色之中，有什么能比月亮更亲近人的存在呢？它的月光无处不在，照耀着一切夜行者的旅途。反弹琵琶，方见功力。虽然忽悠的文案质量长期参差不齐，但这里的含金量我认的。[支持]",海南,78,6,21939609,166321002448
不変の永遠を,保密,2023-05-21 12:54:47 北京时间,4771,"景元:记住了吗？,彦卿:记住了,景元:记住什么了？,彦卿:下棋要偷棋子",河南,14,5,414171232,166317065776
帕姆的收藏夹,保密,2023-05-23 13:51:08 北京时间,3529,「吾等云骑，如云翳障空，卫蔽仙舟。」感谢开拓者的创作[给心心],上海,13,6,508103429,166625878144
有一貘焉,保密,2023-05-21 13:49:27 北京时间,3082,"景元角色故事三中提到，他在首次出征就是在一颗海洋星遇到了一种鞘类长生种，它们能寄生操纵人的心智，是他识破了危局力挽狂澜，那是他第一次出征，就崭露头角，后来节节高升，最后被前代剑首邀请，那也是他遇到镜流的开始。,然后他跟随镜流习剑，开启了云上五骁的故事，那是他成为传奇的开始。,但是成为传奇要失去多少东西呢？,仙舟人常说，仙舟是几乎没有传奇的，因为活得久了，很多东西大抵也就和路边儿时遇到的杂耍艺人般习以为常了。但是云上五骁的故事却被广泛传颂，人人称赞五骁的英勇，甚至你在仙舟闲逛，还能在鹤运物流管理员附近的快递盒里找到一堆刀片——那是某个愤慨的读者在为故事把镜流写死鸣不平。,而作为故事里的人，亲身被镜流指导的人，亲自面对了镜流堕入魔阴身的人，亲手对镜流出手的人，将军心里会是什么感受呢？,pv里可以看到景元在镜流堕入魔阴身以后去看过镜流，有人劝他回去，我猜测那里是十王司，用于引渡魔阴身。但是最后镜流还是从那个被羁押的地方跑出来了，还失去理智对曾经的同伴痛下杀手，这中途应该发生了什么事，可能也就是云上五骁的故事被隐去，直到仙舟人都认为那是一个传说的原因。,而云上五骁作为传说反而以故事的形式传唱了出来，不知道将军在面对彦卿时说他也想成为剑首，也想成为云上五骁一样的传奇时，是，什么心情。,但是我很难过。,镜流作为前代剑首，想必从前也是在云骑军里名及一时的存在，而现在堕入魔阴身并叛逃后（姑且称之为叛逃），她的事反而成为了一种禁忌，而她的弟子却几乎不能对此事做出什么回应，或者说，有回应也是徒劳。,那是我第一次作为身外人理解了魔阴身，和死亡一样，那是你无法挽回的离去。,景元也大概快800岁了吧，仙舟人堕入魔阴身的年龄也大部分是这个时候。他在主线剧情中也一直在指导符玄和彦卿，希望把他们锻炼得更出色一点，像极了安排身后事。,然后丹恒和刃（遗器故事过客套里提到了刃的故事）作为曾经与云上五骁相关的人，此时归来，很可能就要重提那段历史。也有猜测说罗刹的棺里是镜流，如果是，云上五骁当真有可能齐聚一堂，那又是一场新的风波。,希望mhy别刀景元[保佑][保佑][保佑]",江苏,33,5,455408958,166326080992
银月为痕,保密,2023-05-21 12:57:57 北京时间,1522,镜流刻意和景元保持不远不近的距离，就是怕堕入魔阴身的时候，景元下不了手。[崩坏3·光辉矢愿_吃西瓜冰],山东,28,6,11966736,166317561456
云宇墨萱,保密,2023-05-21 12:57:08 北京时间,1099,"飞光飞光，劝尔一杯酒。,吾不识青天高，黄地厚。,唯见月寒日暖，来煎人寿。",黑龙江,3,5,350159374,166317422544
稀盐不酸浓盐酸,保密,2023-05-25 14:38:44 北京时间,1301,"我觉得吧，景元入魔，彦卿去处理太老套。,让彦卿入魔，景元亲自清理门户 上弑亲师，下斩爱徒。这刀子才够味。",贵州,29,6,197638956,166929732608
星野爱あい,保密,2023-05-21 13:03:55 北京时间,658,没有一点注释，却能感觉到所有,未知,4,6,1180738145,166318592912
碎掉力,保密,2023-05-29 10:06:12 北京时间,325,在抖音看到了 没标原作者也没说有没有授权 这是怎呢个事[辣眼睛][辣眼睛][辣眼睛][辣眼睛][辣眼睛][辣眼睛],四川,3,5,1861975935,167511197296
久久久久许,保密,2023-05-22 16:36:35 北京时间,61,"uid 101476827 ,0+1景元挂支援 孩子没有信用点了[微笑]",云南,10,6,32302713,166505798112
panadion,保密,2023-05-23 14:33:59 北京时间,59,6+2景元 为将军散尽钱财啊啊啊啊啊啊[星星眼][星星眼][星星眼][星星眼],河南,3,6,28731797,166633143744
拒绝房赌毒债股,男,2023-05-21 13:16:48 北京时间,895,暗猫可以试试将景元那只狮子的故事按照忠犬八公的风格做成手书，应该很感人,湖南,37,6,29598143,166320471312
洋气是狼,保密,2023-05-21 13:04:55 北京时间,640,师徒刀是我最无法忍受的刀子类型里的一种……我真的会哭死，时隔700多年啊，传承真的是一件很伟大的事。（暗猫太太永远的神！）,浙江,11,5,430412115,166318806160
修吾乆,保密,2023-05-21 12:54:10 北京时间,246,"仙舟罗浮神策将军景元元:帮帮我！神霄雷府总司驱雷掣电追魔扫秽天君。,神霄雷府总司驱雷掣电追魔扫秽天君:离开，仙舟罗浮神策将军景元元！",山西,4,6,13598779,166316871328
仓鼠秋秋,保密,2023-05-21 15:43:20 北京时间,649,景元谈及素裳的时候，说自己也曾有无忧无虑的日子，虽然已经过去很久了……他在听见彦卿说想成为将军一样的人时，也打趣他说那有什么好的；可他看到了少年的决心，又举重若轻地和他过起了招[保卫萝卜_哭哭]也许这就是云骑人的必经之路吧，少年时意气风发，青年时历经磨难，待到稳住一方之时，又会倾囊相授于后来者，为他们引好以后的路。景元的一生没有平常话本里节外生枝的苦难，有的只是顺应命运和时局的决断，却也能让看故事的人为之动容。这大概就是游戏里和游戏外的人都爱他的缘故吧,北京,0,6,142783771,166347190080
南城愁客,保密,2023-05-21 14:52:48 北京时间,34,0+1景元厨来看看,广东,0,6,25430819,166337929184
亲一口喵一声啊,女,2023-05-21 13:00:00 北京时间,520,景元你等着，👴🏻一定攒石头把师傅给娶回来，让你们在👴🏻的车里团聚,湖北,15,6,10050394,166317833424
AR璨,保密,2023-05-22 14:54:10 北京时间,25,这么强的二创，那这个游戏一定过了好多个版本吧？[星尘的新年祝福_哦哦~],新疆,1,6,354516773,166490556368
第四の天灾,保密,2023-05-21 12:59:44 北京时间,405,"感觉……就特别像玄幻修仙文主角。,年少无知可爱，有师傅谆谆教导，习得正道；后来师傅堕入魔道，在万般取舍前斩断前缘，成就一番宏图。,花开花落，人们安居乐业；沧海桑田，故人现在何方？,又是一个轮回，练剑的少年挥洒汗水，在夕阳的余晖下一剑剑刺向木桩，他的师傅在一旁，双眸微眯，享受着盛世安宁。,若有一天，我也堕入魔道，不要对我手下留情。,（结合玄幻等小说的故事，不是完全是原剧情哈，不喜勿喷）[doge]",湖北,0,5,354906422,166317954896
Carnelian-璀璨的红玛瑙,保密,2023-05-21 18:04:26 北京时间,23,"镜心流转,飞元景逝,谁曾言最高远之月不是夜中最亲近之物？,谁曾言玩世不恭的笑容中暗含多少苦涩？,流光，飞光，轮转，百回,然而宿命依旧，斯人不再",新疆,0,6,333188387,166363412528
罪業紅蓮,保密,2023-05-21 13:55:55 北京时间,313,"又又又又又一次跟各位佬，参与了绘制……,画之前：白毛没兴趣不抽  画完以后：这版本没内容了也好我只想上线看会老婆jpg  画着画着多了个老婆的人竟是我自己。。,以及真的受不了师徒传承刀…刀的很好，建议下次还刀，我还能吃！！[暹罗猫小豆泥_呆滞][暹罗猫小豆泥_呆滞][暹罗猫小豆泥_呆滞]",北京,1,6,8409738,166327131456
开飞机的旋子,女,2023-05-21 16:04:19 北京时间,22,这次的我 ，主打一个辅助勾线[崩坏3_饿了],未知,1,6,19221971,166350702272
氕氘氚森林,保密,2023-05-21 15:48:14 北京时间,22,"结尾BGM景明，[给心心]曲子是关大洲老师谱的！非常好听！看着关大洲老师的份上，大家可以去听试试[给心心][给心心],景元用景明，哈哈哈景家人用景家曲，这何尝不是一种缘分呢！[汤圆][热词系列_妙啊]",云南,0,6,87466686,166348075328
fluorite2041,保密,2023-05-21 13:26:51 北京时间,279,感觉这个是堕魔是轮回不起来的，毕竟景元现在是巡猎令使[笑哭]，如果堕入魔阴神君直接出手不给彦卿机会，如果按pv要出现师徒两人硬要刀一个的局面，更可能是彦卿堕入魔阴（可能是星核或者药物影响）。当然师徒两人推测的🔪目前唯一证据还是pv，更可能只是pv欺诈[doge],重庆,5,6,277399035,166322251888
往生少女胡桃酱,女,2023-05-21 15:33:42 北京时间,344,其实让我很感慨的是最后那几幕，历经了岁月沧桑变化和故人离散，景元一个人坐在棋桌前有些落寞的下着棋，但少年出现了，打破了他的落寞，如泥酣眠中有写到，景元已经习惯了不变，而彦卿让他感觉到了变化，或许彦卿对他来说也是个“变量”，故人已逝，但还好有少年为他带来勃勃的生机，让他不孤单，旧物已逝但生活一直往前，总会有新事物拉着你朝前走,湖北,3,5,677365093,166345625664
汨罗红,男,2023-06-19 12:20:07 北京时间,21,景元将军一直不退休，一直坚持的等待，可能都是为了保持师傅还在的时候那一丝丝的感觉吧，因为师傅还在时我是将军，所以我便一直当，因为师傅还在时她教会一个男孩剑法，于是我也教，因为师傅还在时护卫仙舟，于是我便一直守护。等待，等待，等待那终末的时刻，等待延卿做着我八百年前做过的事情。然后一闭一睁眼，让忍耐了八百年的我痛哭着大喊一声：“师傅！”,黑龙江,0,6,334839483,170758225296
豌豆的灾厄魔盒,男,2023-05-22 10:57:42 北京时间,143,"我已经想到怎么“拯救”镜流了。,崩铁里有一位特殊的星神，有着所有记忆的【记忆】浮黎。,只要开拓者接触到浮黎的命途，借助星核的力量，调出镜流的记忆，再用种星槎的技术，种出镜流的身体，把记忆和身体融合，那么，一个完好的，不会堕入魔阴身的镜流就出来。,不光罗浮有着技术，黑塔空间站也有克隆人技术，不过那个技术还不太成熟。",河南,8,6,13849746,166453510048
TangXbili,保密,2023-05-21 12:58:17 北京时间,21,堕入魔阴者，六尘颠倒，人伦尽丧，回去吧景元，镜流已逝,上海,0,6,159617781,166317647936
璎落终离,保密,2023-05-22 05:52:14 北京时间,21,"景元,抬起头,继续前进吧,去把这个不完美的故事,变成你所希望的样子！",山东,0,6,10761195,166416594496
_-Selene-_,女,2023-05-21 15:13:49 北京时间,24,呜呜呜我的景流[保卫萝卜_哭哭][保卫萝卜_哭哭][保卫萝卜_哭哭],上海,5,5,1294966983,166342019744
愿神之爱长存你我,男,2023-05-21 12:55:59 北京时间,66,这周年庆的作品怎么先拿上来了？,山东,1,5,490080685,166317292800
爱吃白萝卜的胡萝卜,女,2023-05-21 13:02:46 北京时间,19,将军从小就爱红秋裤[脱单doge],江苏,0,5,1739856012,166318436896
是羽落落哇,女,2023-05-23 05:19:33 北京时间,20,不懂将军魅力的人有难了[tv_害羞],江苏,5,6,197614611,166558648128
我们正在蒸蒸日上呀,保密,2023-07-26 09:28:47 北京时间,18,看完1.2发现暗猫角色手书做早了，缺了云上五骁景元他的真的经历太多离别了，可以景元池子歪了[脱单doge],山东,0,5,452303009,177173804384
左拥魈宝右抱万叶,女,2023-05-21 16:01:36 北京时间,57,镜流要进池子的，倒是让我好奇要咋复活了，毕竟有很多变成魔阴身的云骑都救不回来了。（插个题外话，救命，真的好喜欢景元，官方那个动态光锥的视频我天天舔屏，爱死，魂穿将军手上的小麻雀[tv_色][tv_色][tv_色]）,云南,5,5,272503735,166350237616
黎明拾忆,保密,2023-05-21 13:08:37 北京时间,18,她教我研习剑技，却始终未能与我亲近一些。但无边的夜色中，哪有比始终当空的明月，更亲近人的存在呢,湖北,1,5,402525737,166319380752
林易子啊,保密,2023-05-21 12:53:29 北京时间,73,啊？,湖北,3,5,629852057,166316831968
黎明拾忆,保密,2023-05-21 12:58:31 北京时间,24,白毛＋红裤，原神的万叶和崩铁的景元，都是我的xp[星星眼][星星眼][星星眼][星星眼][星星眼],湖北,0,5,402525737,166317591440
ElysiaElfy,保密,2023-05-21 12:56:38 北京时间,16,00:22 要不要这么美？！,浙江,0,6,502250031,166317327328
想要假期变长,男,2023-05-21 12:55:46 北京时间,21,景元对我来说就像原神的钟离，感情在哪，当时开服攒了18000➕30抽一点没动等景元，虽然150抽大保底才出来，而且出来风评就说垃圾不如希儿，但我不后悔，我现在在肝宝箱给景元抽0+1不够就氪一点，我会一直坚定喜欢景元的心,辽宁,4,6,240858735,166317280688
云崩坏星穹铁道,男,2023-05-21 15:20:05 北京时间,51,那天我学会了最强的一招，我兴奋的跑去找师傅，师傅很开心，可笑容中也有些许伤感，现在我明白了，那是师傅自己选的末路，是长生种无法逃离的宿命，或许有一天这个轮回会消失吧,湖南,1,6,321776834,166343201168
-拨雪寻春-,保密,2024-01-23 14:03:02 北京时间,6,聪明的景厨已经在截图了，意气风发的小元云骑真是让人眼前一亮，亲亲漂亮宝贝（*＾3＾）/～☆,河南,0,5,101959476,204526091040
和泉一织的男朋友,保密,2023-05-21 14:51:37 北京时间,48,期待米哈游补全云上五骁的故事，然后暗猫也弄一个高质量手书吧！感觉这五个人的故事一定很精彩！,云南,1,6,6069922,166337579744
楚辞黎,保密,2023-05-21 12:58:41 北京时间,27,"（停车）（低调的按了劳斯莱斯的喇叭）（车窗降下）（咬着玫瑰花）（凹造型）（正准备开口）（隔壁交警大队说我停车占道）（充耳不闻）（戴上墨镜）（播放凤凰传奇）（薄唇微动）老婆你好，结婚, 景元你瑟死我算了吧行吗…明明裹得很严实，就跟没穿一样瑟。让人忍不住想做他的狗，光是看见他的微笑听见他的声音我裤子就起火了🥵🥵🥵, 今天把家里wifi名改成了“景元是我老婆吗？”密码改成了“yesyesyes”结果整栋楼都连上了我家wifi, 景元腰上挂手机，今晚步数他第一, 做（此评论仅有一个字，但足以表达作者深深的震撼与刻骨的情感，可谓言简意赅，一字千金，字字扣人心弦，催人泪下，可见作者扎实的文字功底和信手拈来的写作技巧，把作者的情感表达的淋漓尽致给人以无限的感动和惆怅。）, 我其实喜欢吃鱼头，因为鱼身都要和景元度过, 今天做了个手术，把恋爱脑切了，现在我无脑喜欢景元,给景元的5条人生建议：1.困了可以睡觉2.饿了可以吃饭3.渴了可以喝水4.活着可以呼吸5.结婚可以找我, 玩崩铁不想睡景元，就像四大名著不看红楼梦，说明这个人音乐鉴赏能力和自我修养不足，他理解不了这种高雅艺术，参不透其中深奥的精神内核，他整个人的层次就卡在这里了，只能度过一个相对失败的人生。, 景元，我要诵念你的圣名，你是我的太阳，你是我的天空，你是我的一切。景元，我的景元，我一切的信仰。景元，是至高无上的，是我心中无可替代的存在。景元，便是我心之所向，心之所在。啊，景元，景元，请你为我降下圣恩，绫人，请你赐予我你的爱，我必将用我凡人的方式报答你，景元，我的神，我的神父。景元，我诵念你的名，我呼唤你的名，景元，我的景元，请你聆听我的诵念。你的圣名，是我此生不忘的圣经。啊，景元，赐予我爱与祝福。景元!景元!景元!,景元! 【舔屏】【舔屏】 (健康且适度的爬行) (健康且适度地爬行) (健康 且适度地爬行) (健康且适度地爬行) (健 康且适度地爬行) (健康且适度地爬行) (健康 且适度地爬行),  景元，我去买肉夹馍，要老板多放辣，结果走在路上它掉地上沾到泥，吃不了了。我哭了，原来这就是辣馍喜欢泥🥺🥺难以言喻对景元的喜欢，感觉有他的地方，无论什么boss什么危险都能迎刃而解，连我的裤子都自己解开了🤧🤧🤧",浙江,2,4,697995131,166317760704
阿潘只想过平静的生活,男,2023-06-03 16:47:18 北京时间,13,6+1在此，景元可太帅了太温柔了！就喜欢用他跟彦卿一人一队C[委屈][委屈][委屈],广东,0,6,8573697,168319975136
广寒耀雪,男,2023-05-21 14:14:06 北京时间,15,"又梦岁寒，想飞光辞去，七百余转,已而春暖，看老马新燕，流光暗换,[祖娅纳惜生贺_打call]",吉林,0,6,436588455,166330326160
此间少年眷风烟,保密,2023-05-22 15:34:12 北京时间,37,他终究是自己忍痛动手去遮挡那一方明月，然后把自己打磨成恒久光明的太阳[保卫萝卜_哭哭][保卫萝卜_哭哭][保卫萝卜_哭哭],北京,0,5,512802759,166497172160
_风会带走思念,男,2023-05-21 12:59:16 北京时间,12,暗猫老师真就只出刀子呗[大哭][大哭],山东,1,5,289895594,166317928752
小辉疯疯,男,2023-05-21 13:01:06 北京时间,37,我一直很好奇，景元和镜流年龄差多大啊？[惊讶],广东,11,6,457371411,166318188320
稽不可失O_o,保密,2024-12-27 07:48:12 北京时间,11,"云上五骁曾经遇到过一个终末的信徒，他是这么预言的,,1 你们之中有一个人会成为将军（大家觉得是镜流，她实力强又有责任感）,,2 你们之中有一个人会成为无名客（大家觉得是白珩，她开朗活泼热爱旅行）,,3 你们之中有一个人会离开仙舟很长时间（大家觉得是景元，他善良勇敢大家觉得他会去寻找故友的家乡）,,4 你们之中有一个人会不老不死（大家觉得是丹枫，持明的褪卵重生也是不老不死的）,,5 你们之中有一个人会死亡（大家觉得是短生种的应星，大家一直在安慰他）",江苏,1,5,521381405,250784788704
一个人类动物,保密,2023-05-21 13:20:21 北京时间,11,在这个日期发，你是故意的还是不小心的？[doge],广东,1,5,1752105125,166321103920
奚余甘,女,2023-05-21 12:54:44 北京时间,35,书到用时方恨少，前排临近嘴难开！,广东,1,5,660738980,166317063520
幽梦鱼在云中游,女,2023-05-21 16:21:55 北京时间,32,"“这条路可不好走啊”,“可将军不也是一步步走到今天了！”",湖北,1,6,95830999,166353301952
半橙橙橙橙,保密,2024-02-01 19:52:12 北京时间,10,"“她教我研习剑技，却始终未能与我亲近一些。但无边的夜色中，哪有比始终当空的明月，更亲近人的存在呢？ ”,在无边夜色中，无尽生命里，数不尽的战事，道不尽的离别。好像只有那轮明月始终当空守望，守望着仙舟，照亮着他前行。月虽然清冷，但也足以配上一壶酒，一盘棋，一箜篌。可是，那月，那皎洁的，本该永远如此的月，为什么就落下了呢？,或许没关系，至少对于仙舟来说,于夜色中，在拂晓前；月亮落下，便是太阳。",福建,0,5,1769661564,205958368400
ubuntu-第二次,保密,2023-05-21 13:44:28 北京时间,31,"景元，景元，将军…,愿你无论何时都能平安快乐，身边人花团锦簇",北京,1,6,513333844,166325112544
鲁西欧,保密,2023-05-22 06:49:16 北京时间,10,再见了，师傅,广西,0,6,21851003,166422631968
奋斗的四眼,保密,2023-05-21 14:36:05 北京时间,12,总有一天彦卿也要亲手终结景元吧？[大哭],广东,6,5,2138778376,166334535552
观星即是观心,保密,2023-05-21 13:47:52 北京时间,12,"飞光飞光，劝尔一杯酒。,吾不识青天高，黄地厚。,唯见月寒日暖，来煎人寿。,食熊则肥，食蛙则瘦。,神君何在？太一安有？,天东有若木，下置衔烛龙。,吾将斩龙足，嚼龙肉，使之朝不得回，夜不得伏。,自然老者不死，少者不哭。,何为服黄金、吞白玉？,谁似任公子，云中骑碧驴？,刘彻茂陵多滞骨，嬴政梓棺费鲍鱼。",广东,0,5,396618460,166325672048
小气猫Milosea,保密,2023-05-22 18:20:47 北京时间,4,看完弹幕感觉得补点说明[doge]景元角色故事二提到鲜有云骑将军履任后撑过百年大关，结合上下文看应该是指英勇战死，而景元因为运筹帷幄所以数百年来安然无恙，和堕入魔阴身没啥关系,山东,1,6,332095530,166513648080
愚者教堂普通职员阿魈,女,2023-05-22 02:30:40 北京时间,18,“昔日仇敌或死或擒，故交好友风流云散。这么想来，我确确实实已是个【老人】了......”景元和钟离在这一点上真的很像，景元有即将到来的魔阴身作为终点，而钟离的磨损可能还要等好几千年吧[大哭]喜欢的长命男人一个比一个刀（又看了看远方的张起灵和哑舍老板）,浙江,0,6,38984060,166389681296
樾屿,女,2023-10-29 08:39:53 北京时间,8,昔日仇敌或死或擒，故交好友风流云散……,黑龙江,0,5,88156108,192092156720
赜木蛟,男,2023-05-23 10:50:44 北京时间,8,讲一个鬼故事，自己的师父和自己的徒弟都是冰系的[doge],英国,0,6,10713232,166597931424
超级糖逗人,保密,2023-05-22 04:01:23 北京时间,10,如果罗刹棺材里是师傅，而且失意被灌输自己被谋权篡位的记忆回来与景元对峙，仙民会相信谁呢[doge],江苏,4,6,366130114,166400316464
冬乌www,女,2023-05-21 16:09:45 北京时间,7,来了来了[喜欢][喜欢]真的好米啊啊啊啊夸夸up主，那天我在神策府里打扫杂草，偶遇景元将军。将军问我我簸箕里的东西是什么，我坚定的说：“将军大人，草窝！”[桃源_给花花][桃源_给花花][桃源_给花花],广东,2,6,386025998,166351556048
雷啸东方,男,2023-05-21 13:11:34 北京时间,7,"暗猫猫赛高！,分镜做的很好，兼具历史厚重感的同时也有生动的叙事性，再搭配上音乐真的太强辣！,献上膝盖！[哦呼][哦呼][哦呼]",河南,0,5,1540810272,166319851536
how2tellu,男,2023-05-21 12:57:30 北京时间,7,"景元元：帮帮我，神霄雷府总司驱雷掣电追魔扫秽天君。,神君:离开帝弓七天将巡猎令使闭目神策将军景元元。",安徽,0,5,628576148,166317512960
左拥魈宝右抱万叶,女,2023-05-21 16:53:34 北京时间,3,放个景元的帅照在这里[tv_色],云南,0,5,272503735,166357324000
咸鱼的cp是假的,女,2024-04-16 06:00:02 北京时间,6,希望接下来仙舟剧情，编剧能讲好师徒线[大哭],江苏,0,6,85253795,217122995440
莉莉娅没你我怎么活啊,保密,2023-05-22 04:49:37 北京时间,6,突然联想到罗刹的棺材，装的不会是镜流吧？镜流其实没死，但有时清醒有时不清醒，所以委托罗刹把她带回仙舟[微笑][微笑][微笑],广西,0,4,509877990,166407946432
谛樱,保密,2023-05-21 15:40:56 北京时间,6,暗猫大佬，是什么让你变成这样的，米忽悠吗？[doge][doge][doge],广东,1,6,289484228,166346889456
柒望啊,保密,2023-05-21 13:04:03 北京时间,6,从小到大都未变的红秋裤[doge][doge][doge],江西,0,5,1045205646,166318529648
541862555,保密,2023-09-28 16:21:12 北京时间,8,她的样貌，她的名字，她的剑术风格都与比过去别无二致。但她已经死了，她已不再是那个剑首，现在活着的只是“镜流”，一个因仇恨而生怪物……,广东,0,5,483312501,187887098816
墨音无希,保密,2023-08-14 03:21:25 北京时间,12,"我只说太强了，大大在未知官方pv情况下的二创对仙舟这一对师徒的人设进行了设定(相当契合官方pv啊)，补足了我们玩家对这一对师徒的无限遐想:一边是早已知晓魔阴身结局的剑首镜流，在培养自己徒弟时，却不敢和令自己骄傲的徒弟景元过于接近；另一边是以自己师父为目标，一直努力成长直至超越接替师父的罗浮将军景元，他为何如此努力？他是否一直渴望得到师父的一个笑脸或亲近，他又是否在困感为什么自己已经成长为可以接替师父的存在，而师父却与他渐行渐远。在得知师父即将堕入魔阴身的无措与绝望，在与她交战最终劈出的最后一刀之后，他终是成为了算无遗策的罗浮将军。我想镜流的复活也是他付出了诸多代价后方才实现吧。,(我不行了，虽然不应该，但是我还是好想磕他们[大哭]，美强惨设定太诱人了，疯狂找同人文)[捂眼]",安徽,3,5,390432043,180803388800
绫十化,保密,2023-05-21 18:34:57 北京时间,5,如果现在这几个将军中其中二三个堕入魔阴身在自身强度加魔阴身的加持下是不是仙洲就完了，或是表演一出夜叉互相残杀的的场面。感觉后面剧情应该会有将军堕入魔阴身的，毕竟隔壁的夜叉剧情的热度加mhy娴熟的刀法[脱单doge],湖北,4,5,497579664,166365287088
谦比兴,女,2023-05-21 14:30:00 北京时间,5,原神里钟离是我的游戏支撑，崩铁景元是我的游戏支撑,江苏,0,5,631188972,166333343856
景皓JinH,保密,2023-05-21 12:56:30 北京时间,5,为什么暗猫是神……后面我忘了，但是暗猫永远的神[打call][打call],福建,0,5,323398630,166317387424
什么名字呀,女,2023-05-21 12:55:30 北京时间,5,很喜欢崩铁玩家的一句话：啊？,黑龙江,0,5,646000799,166317106592
秋枫霜降,保密,2023-05-21 12:54:12 北京时间,5,听说只要来的早，傻子都能上热评[doge][doge],广东,0,6,368101036,166316940816
芷汐洛,女,2023-05-21 12:53:37 北京时间,5,啊啊啊啊啊啊啊,山东,1,6,400888560,166316908048
乔尼乔斯達,保密,2023-05-21 12:53:30 北京时间,5,[星星眼],江西,0,6,2193357,166316901520
里艾lei,保密,2023-05-21 14:45:32 北京时间,2,"景元元：帮帮我，神霄雷府总司驱雷掣电追魔扫秽天君。,神君:离开帝弓七天将巡猎令使闭目神策将军景元元。",福建,0,5,351527188,166336437280
-Adark轨迹-,保密,2023-05-21 13:34:24 北京时间,2,暗猫出品必属精品！先赞后看已成习惯！一直被暗猫大大得的表现手法感动到了，刀刀致命！[Hiiro_哭笑不得] 02:12,广东,0,6,6433983,166323526992
宛宛宛丘,保密,2023-05-21 12:55:10 北京时间,6,啊啊啊啊啊啊好喜欢这个手书，真的很希望后面景元彦卿师徒别刀了[保卫萝卜_哭哭][保卫萝卜_哭哭][保卫萝卜_哭哭][保卫萝卜_哭哭][保卫萝卜_哭哭],天津,0,6,495307035,166317155920
HarunoShika,女,2023-09-04 10:36:53 北京时间,4,景元啊景元[崩坏：星穹铁道_吸猫][崩坏：星穹铁道_吸猫][崩坏：星穹铁道_吸猫][崩坏：星穹铁道_吸猫][崩坏：星穹铁道_吸猫],未知,0,6,742251,184527199840
灰色的白桦林,男,2023-05-22 13:01:10 北京时间,4,我呜呜呜呜，看过官方pv之后，看到开头景元棋桌对面空空如也，他还在下棋，我不知道为什么立刻就想到他是不是在幻想和师傅对弈[大哭][大哭][大哭][大哭][大哭],江苏,0,4,25371838,166472373952
麋失鹿,保密,2023-05-21 13:42:02 北京时间,4,"将军[大哭][大哭][大哭],“让徒儿以这一式来回报您的授艺之恩吧！”,镜流背影确实和凝光有点像[保卫萝卜_哭哭]",福建,1,6,66708240,166324762304
我们终有一日会再见,保密,2023-05-21 12:56:24 北京时间,4,景元元[喜欢]飞扑[爱心],浙江,0,5,451007449,166317452144
小肥羊酱乄,保密,2023-05-21 12:55:25 北京时间,4,好家伙，刷首页时，突然就看到了！[崩坏3_送你一朵花][崩坏3_送你一朵花],湖北,0,6,245019269,166317238480
鴨鴨草率了,男,2023-05-21 12:53:46 北京时间,5,官方，你看看她，又出佳品了[星星眼][星星眼],广东,0,6,438314021,166316984576
符千雨,女,2024-08-18 05:00:12 北京时间,3,师徒…我的师徒啊…[保卫萝卜_哭哭],四川,0,4,1767510895,238524902224
若纇,保密,2024-07-24 13:40:35 北京时间,3,不似当时，小楼冲雨，幽恨两人知。,陕西,0,4,1386169361,233416721920
渺渺聿怀,保密,2023-06-08 13:30:53 北京时间,3,"救命[保卫萝卜_哭哭]景拄刀跪在战场上，闭目再睁眼那一幕[保卫萝卜_哭哭]视频前后眼神的变化太绝了，很好地展现了景元从之前年少有为的活泼少年侠客到后面统帅千军亲赴前线景元将军的蜕变过程,——他很珍惜仙舟那些那些美好的人和事物，所以为了能保护它们 ，不断的变强和成长，获得神君之力是如此，从年少的游侠梦想到后来坐镇罗浮七百年的将军也是如此。,,时光造就了后来的“闭目将军”，是否也将当年的缅怀藏进了他平日温和闲散的笑容和运筹帷幄守护仙舟的决心中了呢?",未知,0,6,35843929,169067629456
S_Phecda,保密,2023-05-21 18:17:54 北京时间,3,在黑夜中哪有比那一轮明月更能抚慰心安的存在呢？她虽不如太阳温暖耀眼，却也照亮了前路，拨开那深沉的夜雾。,江苏,0,6,8890338,166364159888
冫深白,女,2023-05-21 17:37:16 北京时间,3,啊啊啊啊啊啊啊啊啊啊啊啊为什么只能投两个币啊，我恨不得把我所有的币都献给您啊啊啊啊[保卫萝卜_哭哭][保卫萝卜_哭哭][保卫萝卜_哭哭][保卫萝卜_哭哭],四川,0,5,311058189,166361534816
小北方39,男,2023-05-21 17:14:31 北京时间,3,能当将军的和将军的徒弟，发色都跟别人不一样,浙江,0,6,163109573,166359425040
荀降,女,2023-05-21 16:04:47 北京时间,5,这就是热圈吗，孩子第一次见这种场面，我何德何能能吃到这种饭[大哭]呜呜，我爱景元一辈子,上海,2,6,10241683,166350757536
Detective康桥,男,2023-05-21 15:59:00 北京时间,3,"时光如流水滔滔不绝，哪怕是长生种，终有一日会迎来终末，而魔阴身是仙舟人斩不断的宿命，生命的尽头到来的厄运。,棋盘上，棋未变，人亦变，曾经对弈的人已不在,用你教我的剑，亲手了断这厄运,星神在上，星海间万事，仅如祂轻叹，仅如祂轻瞥,花开花落，沧海桑田，日复一日，年复一年,人追逐着星海的点点星光，不知那是希望还是绝望，但无论如何也阻挡不住人类的探求心与好奇心。,星海中，哪怕时间也无法做到公平，人亦然回去跨越时间，如是，生命也无法达成公平，自然由人亲自斩断这份宿命，所以，人选择了巡猎",湖南,0,6,234075371,166349884800
一抹灬红茶,保密,2023-05-21 15:05:19 北京时间,3,555今天刚刚4个648加首充6+1这是玩游戏一来我最欧的一次[大哭][大哭][大哭](另外我是景元元的狗[脱单doge]),广东,1,6,310304814,166340353072
字音_,女,2023-05-21 14:54:21 北京时间,3,想都不用想 看到暗猫还能不刀的吗,四川,1,6,9108187,166338190032
都说了是鬼故事,保密,2023-05-21 13:42:10 北京时间,3,暗猫的作品一直都是这样…与其说是与剧情的感觉完全重合，不如说是在自己理解的基础上，用温暖去弥补诸多遗憾。这也是他们团队一直喜欢，并被人所喜爱的原因之一吧。辛苦了[给心心],日本,0,6,18992711,166324828992
丿Feverd,保密,2023-05-21 12:54:15 北京时间,3,第一次这么早[吃瓜],广东,0,5,177043930,166316875888
何处钟箫,女,2023-05-21 14:43:13 北京时间,4,"怎么说呢，虽然PV里暗喻的是师徒的传承和循环，但是真正剧情要刀大概率还是让静流活过来再被刀一次。这时候执掌罗浮已经几百年的景元再次注视自己的师父，那多年前死于自己刀下的师父。在过往的岁月里，他不止一次梦到那个场景，他不止一次诘问自己是否真的做对了吗。,如今故人相逢，依旧是兵戈相向。景元迎着对方那清冷如月光的长眸，再次拿起了刀剑。,一如从前。",贵州,0,6,424190677,166335968080
暗夜之雨v,保密,2023-06-06 13:12:20 北京时间,1,超棒的！[崩坏3·终焉归始_摸头][崩坏3·终焉归始_摸头][崩坏3·终焉归始_摸头][崩坏3·终焉归始_摸头] 01:16,黑龙江,0,5,272891629,168748103264
霍格沃茨的烟火,男,2023-05-23 07:04:11 北京时间,1,2+1景元求好友 uid：105066811,浙江,0,6,399173583,166569836560
褂子人,男,2023-05-22 05:15:30 北京时间,1,35抽出专哈哈哈,浙江,0,4,1023512790,166411931760
奇拉比吃哒分,男,2023-05-22 00:23:22 北京时间,1,也是6+1厨子，做的真牛逼[给心心],陕西,0,6,249031390,166377732416
白酱Asuka,保密,2023-05-21 14:17:39 北京时间,1,小君君锤你胸口,四川,0,6,34857498,166330874592
哪块小熊饼干呀,女,2024-09-17 05:08:12 北京时间,2,元元要幸福[保卫萝卜_哭哭],广东,0,6,35855040,242434879600
灵魂子音,保密,2023-10-07 12:27:31 北京时间,2,江畔何人初见月 江月何年初照人,北京,0,5,143932334,189155903328
江南小禽兽,保密,2023-08-05 13:14:25 北京时间,2,一个飞光，一个流光，硬生生把我的景元元从0+1变成了6+5....呜呜呜呜呜，罪大恶极！！！,上海,0,6,18069143,179180290896
䒤勿,男,2023-07-24 13:21:56 北京时间,2,@qqqqqq949 这个真的很牛牛牛牛牛做到跟pv一样😭,湖北,0,5,457060785,176832772096
鲁西欧,保密,2023-06-10 00:24:23 北京时间,2,为啥没有一个外网主播的反应视频呀，这么棒的手书,广西,2,6,21851003,169283997232
kimiho挽逸,男,2023-05-24 08:56:18 北京时间,2,@阴天学习犯难者,湖北,1,6,382414513,166731845088
太白Ishtar,保密,2023-05-22 07:25:33 北京时间,2,泪目了，扎人们[大哭][大哭][大哭],福建,0,6,34036602,166426440032
久烛丶,保密,2023-05-22 01:16:50 北京时间,2,古时候，人们在旅途中，总是以明月的方向为引路，以明月思念故乡。,广东,0,6,272884175,166382266032
欧皇懒洋洋k,保密,2023-05-21 22:08:43 北京时间,2,景元跟镜流师徒太虐了，景元将军太帅了[吃瓜],山东,0,3,3493091614919583,166371199104
趙子锦,男,2023-05-21 17:17:38 北京时间,2,城里人都把动漫叫手书的吗,广东,0,5,396532683,166359662624
一我是沙雕-,男,2023-05-21 16:48:20 北京时间,2,BGM是什么啊，好好听，暗猫每次的音乐都好合我的胃口[保卫萝卜_笔芯],安徽,4,5,482329706,166356684656
---听书人---,保密,2023-05-21 16:48:05 北京时间,2,@x_xiiii @余光下的风景 景元[大哭],天津,0,5,510135454,166356554304
利玆,保密,2023-05-21 14:11:29 北京时间,2,请大家尽量发癫在评论里发，别在弹幕里发，挺影响观感的[捂脸],山东,0,6,499931680,166329796064
菜的理智,男,2023-05-21 13:09:02 北京时间,2,"流光，,飞光。",江苏,0,5,1248659208,166319401728
麻瓜yea,保密,2023-05-21 13:06:22 北京时间,2,镜流和景元都要 马上就让你们在列车上团聚,河南,0,5,1637148369,166319042544
星眸瞳影,女,2023-05-21 12:58:46 北京时间,2,景元与彦卿下棋时，是否也会常常忆起自己过去与镜流相处的时光呢[保卫萝卜_哭哭],江苏,0,5,86210651,166317741744
墨挽香_已黑化版,女,2023-05-21 12:57:26 北京时间,2,好想知道景元和镜流的过去啊,江苏,0,6,319224071,166317600304
Su丶憨柒,保密,2023-05-21 12:57:11 北京时间,2,师父，就让徒儿以这一式。报答您的授艺之恩吧。[墨镜],河北,1,5,1948205154,166317358304
宇宙超级无敌真寻大王,保密,2023-05-21 12:56:52 北京时间,2,入魔，必诛？！！,山东,0,5,1581482718,166317340304
山川如识我-,保密,2023-05-21 12:54:32 北京时间,2,哇，大前排！！！[喜欢],上海,0,5,522488855,166317052720
全都单推,男,2023-05-21 12:53:39 北京时间,2,[doge],陕西,0,5,349512962,166316977568
灵逸-_-,保密,2023-06-02 11:50:04 北京时间,3,镜流没死，后续版本会出，立绘外网已爆(*°▽°*)八(*°▽°*)♪,广东,0,5,484532460,168121801440
哒叽嗒叽,男,2023-05-22 04:14:23 北京时间,3,我现在都不是怕景元入魔，我是怕严斳因为执念太深入魔，让景元不得不先手刃师傅，再手刃徒弟，最后自己入魔，无人能敌，伤害了自己守护一生的罗浮。,北京,0,6,26296372,166402352928
knndxull,女,2023-06-21 10:31:32 北京时间,2,呜呜呜呜[大哭],湖南,0,6,19165911,171042057680
EVIL__DEMON,保密,2023-05-21 14:48:31 北京时间,3,说实话镜流不会这么亲近景元的，是名副其实的严师,海南,0,5,354969346,166337056368
翁法罗斯出差版,男,2024-10-04 15:08:09 北京时间,1,出乎意料的，全曲没有什么太大的波动（对我来说是这样），唯有不变的乐器和鸣，却道出盛世安平之下无人知晓的落寞与凄凉，也许有无奈吧，无奈师徒反目又无法逃避，无奈身居高位却无法念及旧情，无奈“神策将军”的名号太重，无法将那点感伤袒露。落子的那一瞬，你在想些什么呢？故友的离去吗？世事的无常吗？还是暗自责怪那时手持神兵却只能踏上阵前直面往日恩师与故友的自己？你听弟子恭敬道声“将军”，是否又带你回到那个昙花一现的午后？旧事重提，却不见你轻蹙眉，只淡然一笑，执子定局（胡言乱语）,重庆,0,5,486064523,243824403920
飞喵的嗷呜,女,2024-09-06 14:12:51 北京时间,1,哭了。老婆好美。猫大伟大，无需多言,江苏,0,6,27216212,241555029792
傾㵙听海,保密,2024-08-07 02:19:27 北京时间,1,2.4剧情回来再看，师徒太好磕了,贵州,0,5,341903162,236202420560
汰夕,保密,2024-07-19 15:12:56 北京时间,1,@崩坏星穹铁道,湖北,1,4,1499570342,232447286592
斑鸠Kieran,男,2024-07-03 15:24:42 北京时间,1,常看常新,河北,0,5,687904040,229507988112
knndxull,女,2024-05-28 15:00:57 北京时间,1,特别特别好的景元元,湖南,0,6,19165911,223643736656
山色抹微云,保密,2024-01-14 09:01:14 北京时间,1,暗猫和景元，双厨狂喜[给心心]守护罗浮最好的景猫猫,广东,0,5,2124375839,203138375552
鲁西欧,保密,2023-12-27 05:02:40 北京时间,1,为啥没有外网都评论啊，这么好的手书，想看外网反馈,广西,0,6,21851003,200436340496
暮雪初晴安,保密,2023-09-29 12:25:02 北京时间,1,今日中秋，当赏月,陕西,0,5,259148678,187999303280
2点5不赖恩特,男,2023-09-16 12:36:31 北京时间,1,彦子成为剑首缺的是时间，是…杀死自己的师傅蜕变的机会…自从他们成为师徒的一刻，一场悲剧就注定发生，彦子能独挡人世荒唐时才会成为剑首,河南,0,4,1197258840,186197717616
月夜里的梦,女,2023-08-30 16:25:42 北京时间,1,@再炫一锅,河南,2,5,526809066,183824886736
123跟我一起来,保密,2023-08-25 13:38:44 北京时间,1,好的，我已经想象到景元入魔上斩恩师下劈爱徒，最后被神君剁了[辣眼睛],湖北,0,4,1399858642,182945056640
无量塔_姬子已经死了,男,2023-08-22 02:23:04 北京时间,1,越看越觉得刀！现在的米哈游游戏的二创都这样的水平吗？翻版的最后一课了，隔壁是老师唤醒学生，这里是学生送走老师！米哈游的刀法，不仅可以正练，反过来也可以练[doge],湖北,0,6,24448664,182280304048
O飞-机-怀O,保密,2023-08-13 15:55:22 北京时间,1,手书是大佬的，bgm还是关大洲老师的。这边科普一下，国家宝藏节目BGM全是关大洲老师制作的。他是真正意义上做出了传统中国元素的古风背景音乐。有很多封神作品，这边建议去了解一下[星星眼],浙江,0,4,1555540039,180749867104
One-_year,保密,2023-08-05 05:42:16 北京时间,1,[保卫萝卜_哇]居然才看到,河南,0,5,451552839,179099539920
罗二狗只在白天做梦,保密,2023-08-03 17:27:56 北京时间,1,感觉画的不是软科幻仙舟（即使是除却行军打仗部分），属于是一般意义的古风啊，理解的时候会带来不小的违和感。暗猫老师这次的作品让我感觉很奇怪,甘肃,0,6,12882410,178833960592
苏紇,保密,2023-07-31 14:59:24 北京时间,1,什么时候出阿刃的期待[呲牙],江西,0,5,522135090,178215063744
忧郁の农村入QAQ,保密,2023-07-28 15:53:47 北京时间,1,@风却难懂,重庆,0,4,1366574973,177638734368
亓晓伊,女,2023-07-06 04:35:56 北京时间,1,@油饼z,广东,2,5,1405019997,173475166608
二次元型桃园,女,2023-06-23 15:23:54 北京时间,1,求BGM[大哭][大哭][大哭],内蒙古,2,6,11999875,171420995920
夏木pvp,男,2023-06-23 14:06:18 北京时间,1,暗猫老师，永远滴神！[崩坏3·光辉矢愿_大佬喝可乐],河南,0,6,433497049,171407136704
给琴里糖吃,保密,2023-06-14 03:33:22 北京时间,1,视频作这么刀，我恨你，诅咒你越来越好！,山东,0,5,525003749,169937215392
予丹青,女,2023-06-07 02:48:37 北京时间,1,@Caxxxxxxxx 好牛啊蛙趣,山东,0,5,294637581,168816365920
水中的鱼xiao,保密,2023-06-06 14:35:04 北京时间,1,肯定有应付这种强者变成魔阴身的方法，不然景元之前的那些将军入魔都是怎么处理的（试图逃避所谓的循环刀，毕竟景元也快了,四川,1,6,353876377,168762105216
唐朝慧,保密,2023-06-03 12:16:58 北京时间,1,哇，最后这个蓝玫瑰，啊啊啊啊啊，刀死我算了,湖北,0,5,523669967,168279277056
皮蛋solo粥__上班版,保密,2023-05-30 10:56:43 北京时间,1,这种动态效果是spine制作的吗，技术了好强,福建,0,6,477415367,167667486576
云骑元帅-华,保密,2023-05-28 13:40:22 北京时间,1,谨守此誓，吾等云骑，如云翳障空，卫蔽仙舟！,江苏,0,6,74115834,167396698576
澄绫,女,2023-05-28 02:23:21 北京时间,1,景元镜流这对师徒我真的意难平[大哭][大哭],四川,0,4,1299770553,167296352272
uni_ほくよう,男,2023-05-27 04:38:23 北京时间,1,@别吃我小泡芙 @尘落叶归尘 [大哭][大哭][大哭][大哭][大哭],广东,2,5,576438959,167152081264
灬夜游神灬,男,2023-05-26 16:50:09 北京时间,1,各位，镜流要在1.1登场了，有剧情！哈哈哈哈哈哈,河南,0,6,254267903,167099866944
鲁西欧,保密,2023-05-26 00:38:51 北京时间,1,为啥还没有国外主播的反应视频呢，这么好的作品，急,广西,0,6,21851003,166969575824
墨合羽,保密,2023-05-25 14:01:20 北京时间,1,尘光纷散，流光易逝，时间之磨损，肉体之魔坠，终究会改变一切。但是，精神的传承，终会踏破荆棘，冲破轮回，带来不一样的光彩,安徽,0,6,949601,166923763296
掬鹊,女,2023-05-23 14:07:39 北京时间,1,好好听啊这首《江天晓》。手书好好看啊，画面起伏流转与曲调相得益彰，催人泪下。看着那些回忆，美好的，悲痛的都是那么的生动。,北京,0,5,377004095,166628555088
落兮宸,保密,2023-05-23 06:53:39 北京时间,1,《飞光》 《流光》 《输光》[吃瓜],广西,0,6,293997491,166568772432
虫律,男,2023-05-23 00:37:47 北京时间,1,如果有一天，我也堕入魔阴身，你也不可以手下留情,浙江,0,4,3461566995368934,166526614640
喜报今天没死,保密,2023-05-22 14:46:28 北京时间,1,@鹤今落三分 呜呜呜呜呜呜呜我的老婆我好心疼你,北京,0,5,1526660156,166489325680
茧缕ddd,男,2023-05-22 14:26:44 北京时间,1,BGM是啥[打call][打call][打call],江西,0,5,437951007,166486116528
螺鱼尾,女,2023-05-22 12:43:14 北京时间,1,暗猫又是你！！！我一辈子都记得你的尘光！！！！！！！我的帝君和我的大狮子啊啊啊,广东,0,6,7989343,166469593696
橘子味的尾巴肉,保密,2023-05-22 12:26:41 北京时间,1,@君墨漓呀,重庆,1,6,281720257,166467211952
好运莲莲_yeah,女,2023-05-22 12:20:10 北京时间,1,第一次看up，这居然是手书😂太强了,北京,0,6,531903,166466192736
为了岩王帝君OvO,保密,2023-05-22 12:15:46 北京时间,1,将军，我夜夜思念你啊[大哭][大哭],山西,0,4,485975839,166465542656
思思Aki,保密,2023-05-22 08:56:50 北京时间,1,景元和彦卿都有了，就差师傅镜流了[喜欢],广东,0,6,67133,166436447536
圣地瓦尔哈拉,男,2023-05-22 06:43:30 北京时间,1,我看了所有人对镜流的对话！景元说了师傅总和他保持距离感。,江苏,0,6,67963677,166422076128
非洲丨老酋长,保密,2023-05-22 04:19:00 北京时间,1,"景元啊  我大号克拉拉一命  周六日爆肝小号  又是一个克拉拉  ,你就这么讨厌我吗",河北,0,5,83402362,166403065296
岁月姬,保密,2023-05-22 01:19:15 北京时间,1,信仰帝弓司命，拥抱美好未来[脱单doge],湖北,0,6,8185593,166382421440
夏天就应该打超绽放,保密,2023-05-21 20:39:45 北京时间,1,气氛烘托的很好，但总感觉把景元画的有点娘……[tv_难过],河北,0,5,1803488137,166369463552
傲娇の姜宝,男,2023-05-21 19:59:59 北京时间,1,终有一日，下一任师徒的人魔之战，景元会被手刃后，化为光尘,江苏,0,6,12370446,166368441280
潮汐织梦,保密,2023-05-21 18:32:32 北京时间,1,一日为师，终身为父。春秋转，日月度，流光不再复。,浙江,0,6,412656096,166365217408
耶梦加得YMJD,保密,2023-05-21 18:17:31 北京时间,1,场景这个就不要在意啦，偏古风就挺好了，毕竟原本的仙舟是那种科技感满满的未来加古风，复刻难度还挺大[脱单doge]不过有个小小的建议，最后那个画面水里的倒影既然是模糊的，其实可以干脆隐约换成镜流和景元[脱单doge],陕西,0,5,430838989,166364278592
樱岛学姐和凛,男,2023-05-21 17:57:42 北京时间,1,虽然做的挺好的[打call]，但感觉场景还是不够仙舟[tv_思考]场景贴切就更好了[脱单doge],湖北,0,5,598399480,166363044336
沐芷Shiro,男,2023-05-21 17:26:18 北京时间,1,暗喵出品，必为精品[不问天_好耶],辽宁,0,6,494654134,166360513424
西弥忒,保密,2023-05-21 16:06:24 北京时间,1,我什么时候看见离开景元元这句话才不会笑,山东,0,6,322217683,166350994656
即墨时缺,女,2023-05-21 16:03:39 北京时间,1,@今晚也要早点睡觉呐,广东,0,6,195078339,166350612432
盲目吃鱼的愚者,男,2023-05-21 15:56:48 北京时间,1,我们之间只能有一个白毛[doge],山东,0,6,334075912,166349600560
樱桃烤鱼玩鲷五,保密,2023-05-21 15:45:46 北京时间,1,好高技术力，而且正好5月21日，这真是，泰裤啦[脱单doge],广西,0,6,387250200,166347773200
江湖年少丶,男,2023-05-21 15:38:51 北京时间,1,「吾等云骑 如云翳障空 卫蔽仙舟」[奋斗][奋斗][奋斗],广东,0,6,35433247,166346570512
彼岸馀花,男,2023-05-21 15:31:07 北京时间,1,第三百个默认收藏是这个，赚麻了,山东,0,5,614302238,166345149440
丿执念の鱼,保密,2023-05-21 15:27:05 北京时间,1,一直记得璃月长空和尘光这两个视频,福建,0,6,338858233,166344372928
挨骂别拉黑招笑,男,2023-05-21 15:19:12 北京时间,1,"论我每次想攒星琼都被什么破防了,1.玩的时候体验角色的剧情,2.官方角色pv,3.官方角色演示,4.角色慢镜头,5.暗猫的手书,[大哭]",广西,0,6,440398281,166343048736
木啼,男,2023-05-21 15:07:56 北京时间,1,太爱暗猫大佬的手书啦[小电视_我好兴奋][小电视_我好兴奋],广东,0,6,182884602,166340886880
似尘忘沙,保密,2023-05-21 14:56:47 北京时间,1,景元已出[保卫萝卜_哇],江苏,0,5,2126494306,166338671072
凝诗雨丶,女,2023-05-21 14:46:17 北京时间,1,大保底刚捞出来景元就发现了手书，这就是缘分啊[脱单doge],河北,0,6,735861,166336591760
我叫王小美丶,保密,2023-05-21 14:45:44 北京时间,1,@逸尘凌虚w @轩辕SUMIAKI,江苏,1,6,542843593,166336509104
白毛の大魔法使,保密,2023-05-21 14:35:59 北京时间,1,帮帮我，神君先生[嘟嘟],广西,0,5,512914484,166334462336
木子忙,男,2023-05-21 14:31:28 北京时间,1,本来都走了但我还是忍不住回来说一句，封面我一个男的都觉得好色[妙啊],广西,0,6,20239644,166333688176
斯达蒂哈德爱瑞day,保密,2023-05-21 14:23:52 北京时间,1,吾等云骑，如云翳障空，卫蔽仙舟！,广东,0,6,88431276,166332148960
滚灯,保密,2023-05-21 14:16:39 北京时间,1,白毛马尾红秋裤，景元我老公你记住[脱单doge],湖北,0,6,57882516,166330881728
SUL羽,女,2023-05-21 14:17:44 北京时间,1,浮生一薤露，只可惜故人......,重庆,0,6,259334559,166330879456
夢入夢,女,2023-05-21 13:45:16 北京时间,1,画的真好[墨镜],福建,0,6,426203413,166325368336
金翅天鹏,男,2023-05-21 13:40:38 北京时间,1,太绝了，要是能做成动画那就直接封神了[doge],广东,0,6,376246346,166324472592
单纯爱手柄,男,2023-05-21 13:37:52 北京时间,1,好耶，又有新刀子可以吃力，姐姐来罢（穿山甲音）[抓狂]!,四川,0,5,423753612,166324044832
沐沐瑄,女,2023-05-21 13:28:28 北京时间,1,今天抽到景元了，刷到景元二创视频时一点都不酸了[脱单doge],江苏,0,6,9207371,166322501920
夏语le,男,2023-05-21 13:16:19 北京时间,1,喵大永远是最好的[提摩西小队第二弹_赞][提摩西小队第二弹_币拿走][提摩西小队第二弹_收藏了],未知,0,6,8280607,166320523776
相貌平平的广东分乐,保密,2023-05-21 13:12:32 北京时间,1,要是没有这诅咒，应该又是一对神雕侠侣吧,广东,0,6,258899501,166319930208
DOMOS君,保密,2023-05-21 13:11:38 北京时间,1,能者先赏,山东,0,6,107748473,166319798752
清风折竹柳,保密,2023-05-21 13:09:18 北京时间,1,果然我的xp是相似的：白毛，红秋裤[原神_嗯],陕西,0,5,435920551,166319441824
緋-色-月-下,女,2023-05-21 13:09:19 北京时间,1,大晚上刀死我了😫,福建,0,6,348024394,166319416160
SCP-1026,男,2023-05-21 13:08:14 北京时间,1,感觉比官方的动画好[笑哭],宁夏,0,6,329401689,166319226736
炫音-流光,男,2023-05-21 13:06:32 北京时间,1,镜流好好看（关注点错误[笑哭],上海,0,5,400286223,166319051104
SCP-1026,男,2023-05-21 13:05:10 北京时间,1,"帮帮我，神君先生,离开景元元！",宁夏,0,6,329401689,166318882336
对轴啊三回,保密,2023-05-21 13:04:22 北京时间,1,其实我挺好奇，神君到底哪里来的[脱单doge],福建,3,6,638236222,166318617232
交天之见,保密,2023-05-21 13:04:04 北京时间,1,镜流注定是要上车的，肯定没刀！哈哈哈哈哈……一定是happy ending……哈哈哈哈,四川,1,6,2944463,166318530752
陌寒不会玩游戏,保密,2023-05-21 13:03:33 北京时间,1,暗猫大佬的手书一直可以的[打call][脱单doge],河北,0,5,1070749347,166318477328
变成猫守护枫原万叶,保密,2023-05-21 13:02:02 北京时间,1,随着年龄变大而逐渐消失了一只眼[委屈],陕西,0,5,600249160,166318332672
444445,保密,2023-05-21 13:01:09 北京时间,1,成熟的玩家，就该学会自己做刀子[doge],上海,0,6,2654796,166318190496
風迴路轉,男,2023-05-21 13:01:23 北京时间,1,"景元：帮帮我，神君先生！[大哭],神君：离开景元元！",浙江,0,5,1826191917,166318137984
Coe丶汽水味ysl,保密,2023-05-21 13:00:51 北京时间,1,敲敲，羁绊其实是贬义词哦，简介这种语境下应该更适合用牵绊[原神_干杯]（子音:你好）,上海,0,6,393714345,166318108032
泪泪泪痕,保密,2023-05-21 12:59:47 北京时间,1,帮帮我！神霄雷府总司驱雷掣电追魔扫秽天君～,山东,0,6,8153376,166317956848
あさひ九日,保密,2023-05-21 13:00:00 北京时间,1,纯国风，和仙舟科技国风还是挺不一样的。没有说哪个好，只是单纯说一下和游戏有区别[妙啊],上海,0,5,344263778,166317901504
洛天依___,女,2023-05-21 12:58:43 北京时间,1,与你有缘[洛天依_可以][洛天依_可以],福建,0,6,283655628,166317762064
彩加丶Saika,男,2023-05-21 12:58:51 北京时间,1,"是景元元！太好了,不知道有生之年能不能看到暗猫出丹恒[打call]",广东,0,6,195501788,166317678496
丶丶沐秋_,男,2023-05-21 12:58:04 北京时间,1,景元，这就是，最后一课了。,山东,0,6,40419572,166317635680
灼眼刻刻帝,保密,2023-05-21 12:57:49 北京时间,1,走吧，景元，镜流已逝。,江苏,0,6,398320593,166317621648
夕阳有晚意,男,2023-05-21 12:57:28 北京时间,1,暗猫神，终于等到你[星星眼],重庆,0,6,323702102,166317510720
问单,保密,2023-05-21 12:57:16 北京时间,1,煌煌吾灵，遵吾敕令！[脱单doge],重庆,0,5,174849081,166317499744
繁世长歌,男,2023-05-21 12:57:02 北京时间,1,彦卿:他不是这样的[崩坏3·光辉矢愿_瞄准],福建,0,6,350702964,166317487216
彦卿的修狗,保密,2023-05-21 12:56:49 北京时间,1,镜流tag打错了w,辽宁,0,5,479165946,166317474624
黎明拾忆,保密,2023-05-21 12:56:47 北京时间,1,竟然被我逮到了[脱单doge][脱单doge],湖北,0,5,402525737,166317473328
侯梦棂曦,女,2023-05-21 12:56:44 北京时间,1,芜湖[tv_微笑][tv_微笑]头一回这么早[tv_调皮][tv_调皮],黑龙江,0,6,277405430,166317470384
长期更新,女,2023-05-21 12:56:24 北京时间,1,[脱单doge],广东,0,6,275694645,166317452064
Aurora青柠,保密,2023-05-21 12:56:47 北京时间,1,夺少？[哦呼],江苏,0,5,515442256,166317403552
嘟嘟乐O,保密,2023-05-21 12:56:37 北京时间,1,哇好快[崩坏3·光辉矢愿_彩虹水枪],山东,0,4,3461573089691863,166317393984
舞动萌迹,保密,2023-05-21 12:56:26 北京时间,1,大招真霸气,湖北,0,6,31417219,166317384208
岂雨,保密,2023-05-21 12:56:24 北京时间,1,音乐像是，景元回忆起来，笑着娓娓道来,河南,0,5,2063921427,166317381984
天边的小酒杯,保密,2023-05-21 12:57:05 北京时间,1,这个“光”系列是不是要一直延续下去[脱单doge],湖南,0,6,54694338,166317351776
星茂永恒,男,2023-05-21 12:56:55 北京时间,1,可惜啊，可惜。景元没跟我在一起[嘟嘟],辽宁,0,6,166666108,166317342576
D丶Grayson,女,2023-05-21 12:56:28 北京时间,1,没过万的喵！先舔一口景元[脱单doge][脱单doge],陕西,0,6,249082030,166317317920
星空的火萤,保密,2023-05-21 12:56:08 北京时间,1,[热词系列_好耶],湖南,0,5,299866537,166317300576
-九霄,保密,2023-05-21 12:55:52 北京时间,1,啊！,云南,0,6,39584589,166317286352
刷魔女的雪,男,2023-05-21 12:55:48 北京时间,1,景元元来咯,湖北,0,6,266359228,166317282976
夜羽Noir,保密,2023-05-21 12:55:48 北京时间,1,"我承认我玩过星穹铁道,但只玩了5分钟，游戏太喧嚣了，,没有书，并不适合我。,我喜欢学习，学习使我快乐，优秀是一种习惯。,我徜徉在知识的海洋里，吮吸着知识的雨露。,妈妈叫我吃饭，我充耳不闻，,爸爸喊我喝水，我无动于衷，,奶奶让我睡觉，我百般推辞。,世界上只有一种稳赚不赔的投资，那就是学习。,我只想告诉你们，,烟可以抽，酒可以喝，架可以打，容可以整，逼可以装；,但你要是不爱学习，,对不起我们做不了朋友！我爱读书。,我爱学习，学习使我快乐。,假期已经开始这么久了，,我想买一套模拟题做一做，,只要648，,请好心人资助，,绝对不是什么景元,没有的话我等一会再来问[tv_doge]",广西,0,5,355353203,166317258528
阿运sama,男,2023-05-21 12:54:59 北京时间,1,[微笑],广东,0,4,1902244460,166317213312
艾尔海森的老公,保密,2023-05-21 12:54:46 北京时间,1,白色大猫猫 suki,辽宁,0,6,289903876,166317201776
我们曾誓以为神明,男,2023-05-21 12:55:18 北京时间,1,能者先赏！！,江西,0,6,44691804,166317162544
明末小魅魔--满穗,男,2023-05-21 12:54:51 北京时间,1,太好看了[打call][打call][打call],北京,0,5,1623356012,166317137520
DMC浩,保密,2023-05-21 12:54:46 北京时间,1,啊？,山东,0,6,351374111,166317133328
井槐_,女,2023-05-21 12:55:32 北京时间,1,[doge],江西,0,5,1546037655,166317108496
阮声落华裳梅出似点妆,男,2023-05-21 12:55:21 北京时间,1,好好好,浙江,0,6,171364968,166317098688
散兵大人de狗,女,2023-05-21 12:55:17 北京时间,1,好家伙，暗喵大大又带头卷官方！送景元元出道！[打call][打call][打call],山东,0,6,7696854,166317095120
林蕾8848,男,2023-05-21 12:55:09 北京时间,1,我是景元将军的狗,江西,0,6,346091644,166317087328
gods_band_cry,女,2023-05-21 12:55:06 北京时间,1,希儿的还能有吗,江苏,0,6,272218669,166317084528
-水个-,女,2023-05-21 12:54:52 北京时间,1,镜流，我的镜流ww,北京,0,5,1814790537,166317071168
龙Silver,男,2023-05-21 12:54:26 北京时间,1,来个卡芙卡的[doge],安徽,0,6,171713854,166317047248
弥尔顿今天上岛了吗,保密,2023-05-21 12:54:25 北京时间,1,[墨镜],河南,0,6,393699195,166317045424
十代哟,保密,2023-05-21 12:54:22 北京时间,1,论将军的待遇[doge],广东,0,6,954197,166317042512
银月为痕,保密,2023-05-21 12:54:27 北京时间,1,第一次这么前排看到大佬QwQ，先三连再观看，已经成为看暗猫大佬视频的习惯了[崩坏3·光辉矢愿_吃西瓜冰][崩坏3·光辉矢愿_大佬喝可乐],山东,0,6,11966736,166317022992
糖糖糖糖糖稀,女,2023-05-21 12:54:23 北京时间,1,很喜欢星穹玩家的一句话:啊？[doge],浙江,0,5,1004540129,166317019312
账号已注销,保密,2023-05-21 12:54:22 北京时间,1,终于记起账号密码了不容易[doge],广东,0,0,240258156,166317018160
流光夜舞,女,2023-05-21 12:54:10 北京时间,1,[雪未来_堆雪人],陕西,0,6,327002804,166317007056
两袖清风_怎敢误佳人,男,2023-05-21 12:53:59 北京时间,1,撅一撅暗猫[打call][打call],重庆,0,6,372424031,166316997024
夢樓紅,保密,2023-05-21 12:53:54 北京时间,1,太强力！,广西,0,5,34844680,166316992864
-----汐,男,2023-05-21 12:53:52 北京时间,1,景元元[星星眼],安徽,0,6,32468960,166316990736
悠人ジュン,保密,2023-05-21 12:53:43 北京时间,1,第一我来了,安徽,0,5,1560342269,166316982176
空瓶e,女,2023-05-21 12:53:35 北京时间,1,！！,福建,0,5,438802191,166316973744
猛烈纯洁的哈基米,保密,2023-05-21 12:54:25 北京时间,1,好耶，景元元，帮帮我[星星眼],甘肃,0,5,1041946715,166316953072
阿瓦娜啃大瓜,保密,2023-05-21 12:54:03 北京时间,1,[星星眼][星星眼][星星眼][星星眼][星星眼][星星眼][星星眼][星星眼][星星眼],广东,0,6,24142628,166316932304
月影心殇,保密,2023-05-21 12:53:56 北京时间,1,NB,广东,0,5,503382801,166316925440
一罪于百善,男,2023-05-21 12:53:52 北京时间,1,_来的早，发什么都会火[doge],河南,0,5,494213974,166316922512
colorful-777,保密,2023-05-21 12:53:32 北京时间,1,沙发,北京,0,6,543430098,166316903504
Ogiso-Kazusa,女,2023-05-21 12:54:17 北京时间,1,[崩坏3·光辉矢愿_大佬喝可乐],江苏,0,6,329806983,166316877408
媛苑缘_,保密,2023-05-21 12:54:14 北京时间,1,啊？[喜欢],江苏,0,6,20582636,166316874800
常被塞狗粮的白黑猫,男,2023-05-21 12:54:07 北京时间,1,青雀:啊，将军，将 军！,安徽,0,6,274690573,166316868368
悠人ジュン,保密,2023-05-21 12:54:07 北京时间,1,手书还得看暗猫大佬,安徽,0,5,1560342269,166316868288
是小手了啦,保密,2023-05-21 12:54:07 北京时间,1,景元！！！将军！！！啊啊啊啊！我的将军！！！,江苏,0,5,26027973,166316867520
奚余甘,女,2023-05-21 12:54:01 北京时间,1,让我想想骚话,广东,0,5,660738980,166316862224
奚余甘,女,2023-05-21 12:53:53 北京时间,1,人生第一次这么快！,广东,0,5,660738980,166316854816
流光夜舞,女,2023-05-21 12:53:52 北京时间,1,啊,陕西,0,6,327002804,166316853600
爱吃月饼的猫,保密,2023-05-21 12:53:37 北京时间,1,来力！！[星星眼],广东,0,6,3021777,166316839264
远视专业户,保密,2025-02-04 09:51:12 北京时间,2,各位，bgm是关大洲老师的《江天晓》，主奏乐器是箫，不要在弹幕和评论区刷笛子了，谢谢[捂脸],吉林,0,5,510312579,253728622929
做梦都想跑路_,保密,2023-05-21 17:12:38 北京时间,2,"景元手书×,师徒组手书√,tnnd，mhy快点把1.1端上来，爷要加入云上五骁impart",湖北,0,6,241193142,166359198416
惊鸿映雪,女,2023-05-21 23:27:52 北京时间,1,之后剧情大概率是彦卿手刃景元，一代比一代强，之后的彦卿定剑术会登峰造极。,湖北,1,6,266570785,166374295568
超级帅的怪盗幻影sama,男,2023-05-21 13:13:19 北京时间,1,我去，暗猫,湖南,0,6,39154523,166319971008
怀炎不进池不改名,保密,2025-03-01 14:02:52 北京时间,0,这个视频很有故事感,安徽,0,4,3546702287997488,255957920465
Jeemzz的香香,女,2024-12-14 12:30:18 北京时间,0,将军真的很有魅力！！,安徽,0,5,159650484,249246758401
放弃挣扎的小号,保密,2024-10-23 09:40:40 北京时间,0,厉害[点赞][点赞][点赞],新疆,0,4,360302315,245288943360
月下吃蛋糕,保密,2024-10-18 15:52:37 北京时间,0,幸好景元曾经有无忧无虑的时光，也幸好景元未来有温暖的人陪伴(｡･ω･｡)ﾉ♡,河北,0,5,1903815625,244918302384
1zero17,保密,2024-08-26 08:26:40 北京时间,0,画的太美了[大哭],河南,0,5,1205577426,240258096096
空气炸鸽,男,2024-03-27 13:52:00 北京时间,0,[脱单doge],贵州,0,4,3546630634604823,214258583904
扳机灶BandgeQeo,女,2024-02-05 18:38:34 北京时间,0,@凉栀____ 刀我别用师徒刀[大哭],江苏,1,5,345930763,206626590224
沫沫7,女,2024-01-26 13:16:37 北京时间,0,马上要复刻了，回来看看。必补满,浙江,0,5,371727850,204969787424
观南望北,保密,2024-01-13 15:33:09 北京时间,0,@机器工具人 背景音乐是什么,山东,3,5,1724074812,203042902736
来份hanbaga,保密,2023-12-29 16:34:32 北京时间,0,@千方_ [打call],广西,0,5,1663006670,200815726240
一周无效恋爱,男,2023-12-26 15:22:41 北京时间,0,别让颜卿当剑首[辣眼睛]太孩了见谁都想较量较量,浙江,0,6,1983404140,200377704752
百味空蝉,保密,2023-11-22 11:06:17 北京时间,0,好喜欢暗猫大大的作品，太惊艳了[给心心],广西,0,5,589155797,195486562368
GUOBAA大王,保密,2023-11-20 15:21:14 北京时间,0,我是景元的狗。,山西,0,5,671436480,195243845888
宝藏男孩欠吻,男,2023-11-14 23:46:26 北京时间,0,画的真的很好，关注三连了[脱单doge],湖北,0,5,3537123894365036,194450163472
F-021,保密,2023-10-18 14:05:37 北京时间,0,@気泡氵,云南,0,4,1245057506,190626597008
98队长,保密,2023-10-12 15:52:16 北京时间,0,估计后面有刀  我觉得镜流快要见她那个白月光了[大哭],广东,0,6,496063247,189826083376
iLRils,男,2023-09-29 06:14:59 北京时间,0,@MOE_晓 呜呜,江苏,0,6,11586916,187951324720
陰謀妄想家,保密,2023-09-28 19:31:44 北京时间,0,以前不知道有這麼牛逼的手書…bgm很好聽,中国台湾,0,6,253020582,187899851648
镜子兔XUAN,保密,2023-09-28 14:08:50 北京时间,0,刚玩星铁，剧情不太清楚。请问景元是不是喜爱镜流？就像杨过喜欢姑姑小龙女？,广东,6,5,151035942,187869203504
镜子兔XUAN,保密,2023-09-28 14:05:58 北京时间,0,好看,广东,0,5,151035942,187868703312
天上月u,保密,2023-09-24 08:23:55 北京时间,0,@原因小娇妻 好nb啊[保卫萝卜_哭哭],四川,0,2,1496160683,187277299744
每天都要吃很多肉,女,2023-08-28 04:52:43 北京时间,0,绝美！！！！,重庆,0,5,7847480,183380830656
朝浪之海,保密,2023-08-26 09:38:08 北京时间,0,@娶眉鬓 虽然说很帅，不过还想吐槽一句这红这红秋裤怕不是祖传的，小时候就在穿,黑龙江,3,5,580701437,183077550560
依赖绒毛猫猫重症星神,保密,2023-08-14 12:27:03 北京时间,0,@我药呢_ 这个高质量二创，看了超感动[tv_大哭]，不知道你有没有看过,中国台湾,1,5,3494365557164559,180895004208
大佬别这样啊,保密,2023-08-12 03:27:44 北京时间,0,@氿氿ayumiko 真好看哇。景园猫猫[脱单doge][脱单doge],广东,0,6,423849343,180437366992
雪江卖鱼鱼鱼全是鱼,女,2023-08-09 17:41:31 北京时间,0,眼泪止不住啊啊啊啊啊啊啊,江西,0,5,353421957,180007987088
雪江卖鱼鱼鱼全是鱼,女,2023-08-09 17:39:37 北京时间,0,景元什么时候复刻啊,江西,0,5,353421957,180007780944
雪江卖鱼鱼鱼全是鱼,女,2023-08-09 17:39:21 北京时间,0,太神了,江西,0,5,353421957,180007773984
不罪念者的谎言,保密,2023-08-09 02:43:20 北京时间,0,神,福建,0,5,325970651,179848044448
hc-若离,保密,2023-07-25 04:30:43 北京时间,0,bgm是什么呀,陕西,1,5,445539630,176930601216
rewrite看到了日出,保密,2023-07-23 19:12:03 北京时间,0,白毛老婆[脱单doge],海南,0,5,1848490072,176694816384
CaptainBlack,保密,2023-07-21 04:00:05 北京时间,0,看哭了[大哭],广东,0,5,30858769,176183013600
我是小污女,保密,2023-07-20 12:15:14 北京时间,0,好强！！！！！！！！！！,云南,0,6,34017936,176082970544
头大小川,保密,2023-07-13 14:02:24 北京时间,0,景元太帅了,山西,0,2,1474522238,174811192016
是土豆本薯啦,保密,2023-07-13 13:46:08 北京时间,0,会出壁纸吗好喜欢啊,甘肃,0,4,352479237,174808092384
无语致语死,女,2023-07-12 07:30:15 北京时间,0,呜呜呜景元 那么阳光那么温暖也好悲伤,湖北,0,6,2483628,174560634144
止戈QF,男,2023-07-11 15:12:29 北京时间,0,@树下剑鸽,河北,0,5,700339081,174459866448
想跟你羞羞,男,2023-07-09 10:44:21 北京时间,0,啊？？？这也太…..强了吧..,江苏,0,5,397380859,174053314896
关山不点酒,保密,2023-07-08 11:26:06 北京时间,0,镜流入魔是因为饮月护法出问题了好像,四川,1,4,291232765,173882670000
WaiYO,保密,2023-07-05 16:00:27 北京时间,0,@熊猫宰,广东,0,6,517714270,173412104288
salamo_,女,2023-07-04 15:14:26 北京时间,0,卧槽太太好强，刀死我了😭,河南,0,6,32712994,173234633168
诗随风飘荡,保密,2023-07-03 11:58:08 北京时间,0,官方：谁教你这么二创的？,湖北,0,5,488836599,173033603744
无悔爱佐鸣,保密,2023-06-27 18:59:10 北京时间,0,好厉害啊好厉害啊，这个二创的质量真的好高啊[支持][支持][支持],陕西,0,6,7119627,172093953120
西行寺凹凹子,保密,2023-06-26 14:51:19 北京时间,0,这1.1我是一分钟都呆不下去啦,澳大利亚,0,6,27645,171908987632
666重中之重,保密,2023-06-18 16:43:02 北京时间,0,你们说为什么不把手书名改为《流华》呢？正好和《飞光》对应。[脱单doge],新疆,0,5,517377665,170652713072
水逸益典,男,2023-06-17 03:15:44 北京时间,0,他是将军吗,江西,0,6,394921539,170381322656
柯柠西,保密,2023-06-15 15:44:40 北京时间,0,@舒昂_1126,山东,0,6,448692986,170188968208
吃布丁的熊猫,男,2023-06-13 00:06:53 北京时间,0,还是官方的好一些,广西,2,6,18505269,169765898752
麋鹿Sun,保密,2023-06-11 08:45:18 北京时间,0,[保卫萝卜_哭哭][保卫萝卜_哭哭],未知,0,5,20109522,169516039024
云凪浪行,男,2023-06-11 00:28:11 北京时间,0,这个搜索,北京,0,5,1336382097,169448856544
魏文帝曹丕本人,男,2023-06-10 16:53:16 北京时间,0,抽不出景元[明前奶绿_放弃][明前奶绿_放弃][明前奶绿_放弃],广东,0,6,258501220,169426184928
拒绝清芯寡玉,保密,2023-06-10 10:16:44 北京时间,0,谁能体会我让未成年系统卡了一个月的感觉[微笑],山东,0,4,1381049158,169363941424
梦想有只猫有个家,保密,2023-06-09 12:29:55 北京时间,0,我一生积德行善就是为了看到这个！！我还想着什么时候关注的老师，一看就是迦勒底新春会手书的老师！和老师同坑太幸福了吧！,福建,0,6,155976365,169220005952
千云Ayaka,保密,2023-06-09 09:21:09 北京时间,0,我去！！！我刷到什么好东西了！！！,河南,0,6,3930737,169189904800
jikl233,女,2023-06-09 05:15:55 北京时间,0,太刀了[大哭][大哭],广东,0,5,352960643,169158280480
崩崩崩85,保密,2023-06-09 01:37:16 北京时间,0,不够刀希望作者再接再厉，做的更刀一些[吃瓜],内蒙古,0,5,1885070170,169127515520
账号已注销,保密,2023-06-08 13:18:36 北京时间,0,二创和光锥把我美哭，可是局内建模是咋回事！！！老米！咋回事！！！！[生气][生气][生气],广东,0,0,3493261526174314,169065508208
隨性沒風格,男,2023-06-08 09:08:39 北京时间,0,景元快点狠狠的鞭策我[喜欢]🥵🥵,山东,0,5,492375875,169026148400
玫瑰终章,男,2023-06-08 08:15:09 北京时间,0,看有人分析过，镜流师傅好像是非正常堕入魔阴身的吧[妙啊],湖南,0,2,2125394665,169019844160
倾雪吖-_-,女,2023-06-07 11:17:51 北京时间,0,神作 神作,未知,0,5,477574358,168886512592
缤纷肥皂,保密,2023-06-07 02:42:46 北京时间,0,神仙二创,河南,0,4,1451967870,168815772048
鹤占お,保密,2023-06-06 14:53:41 北京时间,0,哈哈哈哈哈最后十六分钟景元歪了白露哈哈哈哈哈哈哈哈,山东,0,4,1850785454,168765189824
hsbsknddnk,保密,2023-06-06 14:27:11 北京时间,0,@GoneTEA 啊,湖北,0,4,1814387601,168760820240
兔序,保密,2023-06-06 13:28:54 北京时间,0,感觉没有以往原神手书水准，因为景元目前的故事太少了，延展也只有一些，熟悉的配方熟悉的味道，但是因为内容不足，导致略显逊色，不过依旧是以往的高水准,广东,0,5,1471721086,168750831536
viskic,保密,2023-06-05 10:38:01 北京时间,0,绝了,广东,0,5,411889564,168568954112
重岳语音回调了吗,保密,2023-06-03 14:10:27 北京时间,0,6,四川,0,4,1879304768,168296549600
命运有时可真够黑暗,保密,2023-06-03 03:28:09 北京时间,0,厉害,贵州,0,5,474817291,168206813712
枫华岩月一流光忆庭,保密,2023-06-03 01:53:26 北京时间,0,[委屈][委屈][委屈]作者是只会做刀子吗？,湖北,0,4,3493112131357047,168194906000
我是拂衣,男,2023-05-31 16:53:24 北京时间,0,真的少年时的师父，太让人难忘了，我到现在都会偶尔想起10年刚玩剑三的时候拜的和尚师父跟秀秀师父，他们是情缘，后来秀秀师父结婚了，对象不是和尚师父，之后更是双双A了游戏，我当时难过了好久！！[大哭][大哭][大哭],四川,0,6,7388914,167872548064
喝点茶润润喉,保密,2023-05-31 05:03:54 北京时间,0,手书好多都可以当壁纸[给心心],河南,0,6,399920407,167774803472
-098321-,保密,2023-05-31 04:18:59 北京时间,0,角色语音在哪里听啊,上海,0,5,402310171,167767789728
吉尔伽美什-幼闪,保密,2023-05-31 01:52:05 北京时间,0,差不多19%的点赞比，这就是高质量视频吗？这就是暗猫大佬的力量吗？,江苏,0,6,13655658,167750597840
杨砚之,保密,2023-05-31 00:53:36 北京时间,0,镜流和景元的始，景元和彦卿的续，真的很有眉间雪的既视感，代入一下就会发现，更踏马虐了啊[保卫萝卜_哭哭],山东,0,6,32154348,167745212448
刷管人专用号,保密,2023-05-30 17:40:19 北京时间,0,希望师徒三人能重逢[大哭]最后的彦卿小宝贝太可爱啦[给心心],未知,0,5,2042448271,167727352224
网友海宝宝棉,男,2023-05-30 12:06:27 北京时间,0,神!,江苏,0,5,425572220,167678070784
偃偶,保密,2023-05-30 07:55:37 北京时间,0,相信各位都给镜流攒好嫁妆了，人物池大保底垫了20无所畏惧[doge][脱单doge][崩坏3·终焉归始_咀嚼][崩坏3·终焉归始_咀嚼],新疆,0,5,1347090044,167643825120
喝口温迪洗澡水怎么了,女,2023-05-30 05:40:30 北京时间,0,这居然没破百万播放……赶紧推啊，这么牛逼的作品！仙品！,四川,0,6,315043731,167629513744
正常人都摆烂了,女,2023-05-29 13:36:52 北京时间,0,虽然全篇一个字幕都没有，但是不知不觉就泪崩了[大哭],上海,0,2,157312683,167543683872
临窗听雨鸣,保密,2023-05-29 10:40:38 北京时间,0,"原来是同人pv啊👍👍上一次给我真么震撼的还是隔壁原神魈的同人pv。你们这帮神仙[热词表情_世萌双冠][热词表情_世萌双冠][热词表情_世萌双冠],我草！原来是尘光的那位神仙啊[惊讶][惊讶]",江苏,0,5,237653009,167516334576
达达利亚的永远的老婆,保密,2023-05-28 15:09:13 北京时间,0,狠狠代入眉间雪了,山东,0,6,366538405,167411194176
风愿万叶,保密,2023-05-27 14:22:35 北京时间,0,[打call],浙江,0,4,1285816680,167238805872
信白_kr,男,2023-05-27 14:19:06 北京时间,0,@团子并不白,广西,0,5,1588045638,167238205728
塞上江南-,保密,2023-05-27 13:22:07 北京时间,0,我觉得up可以换个封面，这一帧有点不太像景元,江西,0,5,1827645452,167228582016
鲷鱼烧麦香鸡,保密,2023-05-27 11:55:17 北京时间,0,我6+5,埃及,0,6,421384,167214701680
嫑精神内耗,保密,2023-05-27 11:25:26 北京时间,0,这不会是flag吧，景元后面不会被刀了吧,青海,0,6,151460684,167210067680
撬开心门儿比心,保密,2023-05-27 08:42:03 北京时间,0,给官方亿点小小的危机感。,黑龙江,0,5,479772821,167185605008
朋友来世界贸易吧,保密,2023-05-27 05:45:00 北京时间,0,@bili_22715633817,四川,0,4,3493112550787512,167162333008
薄苇如丝,女,2023-05-27 02:12:01 北京时间,0,音乐真的好棒[保卫萝卜_哭哭][保卫萝卜_哭哭],安徽,0,5,1358700652,167131631552
clOuOd_,女,2023-05-27 01:33:08 北京时间,0,@Ml_NGC2237 额啊啊啊啊啊,重庆,0,5,511528536,167127298192
DonoTbeafraidX,保密,2023-05-26 16:48:01 北京时间,0,[兔年][兔年][兔年],辽宁,0,6,32967592,167099571248
黟辰,保密,2023-05-26 15:39:25 北京时间,0,就算平时常常微笑仿佛对任何东西都漠不关心，还是可以看出将军他一定是个经历过大事的人,广东,0,6,417394354,167090144368
姜凡木,女,2023-05-26 15:16:12 北京时间,0,有没有大善人讲解一下剧情？,上海,1,6,279279116,167086390400
汤圆爱发羊癫疯,女,2023-05-26 12:16:55 北京时间,0,666,重庆,0,4,3461565550430737,167057481872
一着大小姐,女,2023-05-25 15:17:34 北京时间,0,连起七八次鸡皮疙瘩谁懂啊，四分钟没有一句台词，把景元刻画得出神入化，我为什么没有再早几年进来B站啊！,浙江,0,5,1884745487,166936120800
锅得刚,保密,2023-05-25 14:20:23 北京时间,0,今天说景元池子十周年，回想景元大将军给我们带来点点滴滴，感谢[脱单doge],广西,0,5,25132891,166926755680
桐生E总,男,2023-05-25 04:19:17 北京时间,0,催更fate[脱单doge],江苏,0,6,409889361,166846126176
Jamon_n,女,2023-05-25 04:14:05 北京时间,0,@米蛤亿 还是国家宝藏的曲子[大哭],广东,1,6,178993553,166845385120
九子喵喵,保密,2023-05-25 02:47:37 北京时间,0,若不能打破命运，不过又是一场轮回罢了[大哭][大哭],湖南,0,5,23639194,166834604368
舟中月,保密,2023-05-24 16:02:47 北京时间,0,@是兔白白呀,山东,0,5,72552725,166795909440
齊司礼的笨鸟6826,保密,2023-05-24 13:47:06 北京时间,0,景元大宝贝,广东,0,5,381353473,166774262512
山上的村,保密,2023-05-24 12:39:21 北京时间,0,要是镜流师傅堕魔和饮月有关的话，我是说如果是因为饮月的“疯狂”使得镜流堕魔的话，我真的会被刀死的，球球myh，别/(ㄒoㄒ)/~~,黑龙江,0,6,318570122,166763889520
鹿-籽,保密,2023-05-24 09:25:54 北京时间,0,图来[doge],安徽,0,4,3493135495727629,166735338496
-Eudemon-,女,2023-05-24 04:25:51 北京时间,0,太太——,广东,0,5,504471473,166699920272
开__摆__,保密,2023-05-24 02:58:22 北京时间,0,暗猫很喜欢国家宝藏的bgm啊，精品精品[支持],北京,0,5,3493088097994889,166688376544
--夜雨星辰--,男,2023-05-24 02:26:44 北京时间,0,封面原图能不能分享一下呀[给心心][给心心][给心心],河南,0,6,15463513,166684999072
夏明雪幽,女,2023-05-24 01:53:48 北京时间,0,@浅墨心,北京,1,5,100818615,166681614640
辣炒鱿鱼須,男,2023-05-24 00:00:19 北京时间,0,省流4:9,湖南,0,5,349726709,166672011376
陈锦洛爱隐隐约约,女,2023-05-23 17:51:32 北京时间,0,666,广东,0,6,278004457,166658968864
我永远喜欢绫濑,保密,2023-05-23 17:37:13 北京时间,0,突然想起了荒古圣体晚年不详的设定,河南,0,6,145290376,166657830304
DonoTbeafraidX,保密,2023-05-23 16:14:03 北京时间,0,真的好棒，我反复看[保卫萝卜_哭哭],辽宁,0,6,32967592,166649421968
龙城飞将飞,男,2023-05-23 15:15:49 北京时间,0,隔壁千岩军就缺一个这样的将领角色[辣眼睛],江西,0,5,507446528,166640338640
次子可爱,保密,2023-05-23 12:35:44 北京时间,0,景元我老公！,四川,0,6,12288360,166613928400
一辉一溃,保密,2023-05-23 10:49:41 北京时间,0,永远在给官方施加压力,云南,0,6,497941016,166597769840
账号已注销,保密,2023-05-23 10:23:07 北京时间,0,这手书真的是！  泰裤辣！！！三连！[打call][打call][打call][doge],北京,0,0,1894528916,166593712240
东山晴后雪_,保密,2023-05-23 09:17:19 北京时间,0,"江天晓 景明。我记得了。,乱碧萋萋，雨后江天晓。,至若春和景明，波澜不兴。",湖北,0,5,381896428,166584372160
天文馆的橘猫,保密,2023-05-23 07:17:26 北京时间,0,不愧是暗喵好看[脱单doge],四川,0,6,367209310,166571189840
Pilokio,女,2023-05-23 04:36:14 北京时间,0,qq 群:623670495。新建的，欢迎各位大佬来玩呀。[给心心],四川,0,6,44939113,166552339168
长夜无光,男,2023-05-23 04:04:54 北京时间,0,[星星眼][星星眼][星星眼],江苏,0,6,22766285,166547503888
鹿现,保密,2023-05-23 04:01:17 北京时间,0,啊啊啊啊啊啊啊啊啊啊啊啊啊啊,未知,0,5,73324934,166547121248
nuoik,保密,2023-05-23 00:19:35 北京时间,0,这是被盗了吗[藏狐]剪了剪换了bgm就发了,山东,0,5,306108457,166525436448
凤箫声动丶,女,2023-05-22 23:03:13 北京时间,0,暗猫！,未知,0,6,7959602,166521227312
DonoTbeafraidX,保密,2023-05-22 17:45:53 北京时间,0,太棒了，我反复看[保卫萝卜_哭哭],辽宁,0,6,32967592,166511722576
丶绘千,男,2023-05-22 17:34:58 北京时间,0,太厉害了,广东,0,6,16084270,166510984784
波奇酱酱酱酱,男,2023-05-22 16:33:28 北京时间,0,不愧是暗喵 质量真高啊[兔年] 镜流很有桔梗的感觉，强大，美丽，坚强，并且和狗子的若即若离的感觉某种意义和镜流与景元的若即若离也有点像。老婆真可爱,北京,0,6,8053384,166505398512
Zs_恐惧111179,保密,2023-05-22 16:31:09 北京时间,0,景元你根本不在池子里！,广东,0,5,550521828,166505116128
DonoTbeafraidX,保密,2023-05-22 16:05:10 北京时间,0,bgm真的好配[保卫萝卜_哭哭],辽宁,0,6,32967592,166501832784
五柯森,男,2023-05-22 15:58:46 北京时间,0,惨淡的播放量啊,广东,0,6,10925208,166500910592
里脊最香,保密,2023-05-22 15:51:33 北京时间,0,猫师傅特有的刀法,贵州,0,6,14881695,166499860848
一挽wan,女,2023-05-22 15:45:28 北京时间,0,我来了，没看留先评论一波！！！,湖南,0,5,1175185145,166498852352
三门耐活王,保密,2023-05-22 15:44:56 北京时间,0,@柯柯冲冲冲,浙江,0,6,37599166,166498825920
_岚风_,男,2023-05-22 14:43:18 北京时间,0,好好好好好好好好好,江西,0,6,21184240,166488964784
田心-_-,女,2023-05-22 14:39:48 北京时间,0,哇好绝,江西,0,5,44969296,166488157696
-Lighthouse-,保密,2023-05-22 14:27:16 北京时间,0,[思考]这播放数量不对劲吧？,湖北,0,6,76845280,166486257136
哔哩小霸汪,保密,2023-05-22 14:11:40 北京时间,0,唉，两个十连出了,安徽,0,4,1068903442,166483641728
妳郝嘛,保密,2023-05-22 13:57:50 北京时间,0,看到景元，果断三连,广东,0,5,1276521686,166481381072
账号已注销,保密,2023-05-22 13:47:41 北京时间,0,像万叶吗，还感觉更像友枫,黑龙江,0,0,1925911602,166479632496
旅人座,保密,2023-05-22 13:23:30 北京时间,0,宝藏[给心心][给心心][给心心][给心心],未知,0,6,22244669,166475941344
总之就是很饿,保密,2023-05-22 12:58:40 北京时间,0,那头白狮子没有嘛,河南,1,3,524862150,166472020208
送你一只猫头鹰,男,2023-05-22 12:58:32 北京时间,0,如果你也和我一样喜欢景元，那这件事真是泰裤辣[脱单doge],北京,0,5,401547614,166472013344
今天渊子更新了吗,女,2023-05-22 12:31:53 北京时间,0,在隔壁的推要磨损，在这里的推要入魔，我真的会谢[灵魂出窍],广东,0,6,197777540,166467910256
真小白真不白,保密,2023-05-22 12:20:23 北京时间,0,我爱你景元元[给心心],吉林,0,6,20567226,166466204544
白日做梦想pc,保密,2023-05-22 12:17:36 北京时间,0,我的景元叫老杨,山东,0,5,1510481834,166465794960
油麦菜e,女,2023-05-22 12:01:26 北京时间,0,景元将军我是你的狗啊啊啊，没有你我可怎么活啊啊啊啊[大哭][大哭][大哭],广东,0,6,227637611,166463308336
后井,女,2023-05-22 11:46:46 北京时间,0,我来啦,未知,0,6,7573199,166461087600
苦多不待朝露,保密,2023-05-22 11:35:03 北京时间,0,就遗憾仙舟场景没画出来，但意境真不错,天津,0,6,7476244,166459299824
蓝梦之幻,保密,2023-05-22 11:23:40 北京时间,0,[委屈],广东,0,6,89672329,166457513712
啊一一呀哟,保密,2023-05-22 11:18:19 北京时间,0,@君哥哥p wc牛逼,湖南,0,5,1867026818,166456707904
米路-milo,男,2023-05-22 11:08:05 北京时间,0,@崩坏星穹铁道,江苏,0,5,603715791,166455229104
主推伞孩副推夜画曲,保密,2023-05-22 10:48:29 北京时间,0,谁有景元在战场上睁眼的图！截了好几次都好糊救命[大哭],山东,0,4,3493279712676072,166452145648
九枭丷,保密,2023-05-22 10:38:31 北京时间,0,感觉像妈妈和儿子[doge],吉林,0,5,35971293,166450594624
Helenair的忧伤,保密,2023-05-22 10:31:18 北京时间,0,好耶,吉林,0,5,12303664,166449424704
杜康酒巷深,保密,2023-05-22 10:13:31 北京时间,0,bgm 太好听了，搭配画面意境便扑面而来[奥比岛_委屈],广东,0,5,3461575574816845,166446894528
九霄F,男,2023-05-22 09:58:19 北京时间,0,（￣▽￣）（￣▽￣）（￣▽￣）,黑龙江,0,6,110176508,166444563024
莫弈给我超一下,女,2023-05-22 09:50:52 北京时间,0,暗猫老师，我的超人[崩坏3·光辉矢愿_安详],未知,0,5,436935378,166443347056
啵啵啵啵啵杰,男,2023-05-22 09:25:08 北京时间,0,一眼审核（不是）,山东,0,6,35375942,166439956416
是玖欸嘿,保密,2023-05-22 09:08:21 北京时间,0,神迹 昏厥,浙江,0,5,701409885,166437807104
阿格Age-爱荧,女,2023-05-22 09:04:37 北京时间,0,"您又一次重新定义了手书......,太好看了，哪怕我没做完剧情也被感动到",江西,0,6,480994823,166437364352
时光中的清风,男,2023-05-22 09:03:48 北京时间,0,二创这么好就有了，可以，师徒劫呀，再加上下个版本，我们可能还要对线师傅，怎么都不想让景元看到半魔阴身半人的师傅,广东,0,5,1441875532,166437312640
光顾着上网忘记上吊了,女,2023-05-22 07:39:20 北京时间,0,好好看[暹罗猫小豆泥 · 遇见泥_爱泥],安徽,0,5,602316171,166427901424
冰凉清爽,保密,2023-05-22 07:13:33 北京时间,0,"舰长:拜托了，另一个我,开拓者:放心吧，这次一定！",山西,0,6,44290429,166425228592
ln凉白开,保密,2023-05-22 07:10:55 北京时间,0,补了师徒相处时光！卡密我的超人！！[星星眼][星星眼][星星眼][给心心][给心心][脱单doge],广西,0,5,445644158,166424943008
春山暮_,女,2023-05-22 07:04:05 北京时间,0,好神仙的手书！,河南,0,5,172228678,166424129472
颠倒的门扉,男,2023-05-22 06:38:35 北京时间,0,[doge]原来是在没有知道具体游戏内容下的创作~~不过亦可当做一种别样的解释~如果发生在这片大地上会变成什么样子[doge],辽宁,0,6,123830,166421687968
柳xx满命忠烈,保密,2023-05-22 06:26:49 北京时间,0,这是up团队作品还是个人作品啊，工作量有点爆炸,江苏,0,6,390938682,166420302128
风清烟雨,男,2023-05-22 06:08:57 北京时间,0,啥时候给姬子做一个[给心心][给心心],广东,0,6,344994336,166418316784
蓝天白牙,保密,2023-05-22 05:51:57 北京时间,0,我其实很想看希莉儿的PV，我怀疑克拉拉就是她失踪的姐姐,广东,4,6,15803354,166416522192
鲁西欧,保密,2023-05-22 05:40:23 北京时间,0,有大神推到外网吗？好想看比如马来姐之类主播的反应,广西,0,6,21851003,166415228336
愤怒的河豚兄,男,2023-05-22 05:36:12 北京时间,0,他还是忘不了他的红衬裤！,湖北,0,6,19162120,166414593760
天儿无泪,男,2023-05-22 05:30:23 北京时间,0,刚在暗猫这里三连渡劫忘了截图，我哭了,广东,0,6,1887484,166413889184
松枝香兰,保密,2023-05-22 05:27:58 北京时间,0,[给心心],安徽,0,6,446160994,166413560464
DonoTbeafraidX,保密,2023-05-22 05:27:22 北京时间,0,bgm配得太好了[保卫萝卜_哭哭],辽宁,0,6,32967592,166413484480
鲁西欧,保密,2023-05-22 05:09:41 北京时间,0,配上BGM江天晓，绝了！,广西,0,6,21851003,166411134256
正在摸鱼的团子,保密,2023-05-22 04:43:08 北京时间,0,提个不成熟的建议嗷 就是忧伤的成分太高了，其实如果做成以薪火永相传的氛围更好,北京,0,6,95230813,166406968816
月流穹光,保密,2023-05-22 04:34:39 北京时间,0,好耶,山东,0,5,3493258810362779,166405681056
弥梦尘缘,保密,2023-05-22 04:34:38 北京时间,0,期待BGM的出行[tv_色][tv_色][tv_色],广东,0,5,1503108447,166405601504
弥梦尘缘,保密,2023-05-22 04:35:05 北京时间,0,太好听了[tv_点赞][tv_点赞][tv_点赞],广东,0,5,1503108447,166405587728
浪漫过敏鱼,保密,2023-05-22 04:26:23 北京时间,0,猫猫你弄得真好呀,云南,0,6,247704870,166404191616
温柔的多瑙河,男,2023-05-22 04:22:32 北京时间,0,[打call][打call][打call][打call][打call][打call],四川,0,6,362158292,166403504496
但你已无数次踏上祭台,女,2023-05-22 04:19:32 北京时间,0,景元老婆你特别特别特别好[大哭][大哭][大哭][大哭][大哭],上海,0,6,416009654,166403168144
走失的旅人,保密,2023-05-22 03:47:05 北京时间,0,大佬还缺人吗[妙啊][doge],浙江,0,6,259515183,166398505632
千浊世,男,2023-05-22 03:22:36 北京时间,0,牛逼,黑龙江,0,3,28171941,166395496608
执剑临风,保密,2023-05-22 03:19:08 北京时间,0,景元，那你愿做徒弟的父亲吧,上海,0,6,173906277,166395031648
洛贤鲤,女,2023-05-22 03:12:11 北京时间,0,景门！[保佑]【虔诚】【双手合十】【低语】【泪流满面】【跪拜】【开祷】,河北,0,6,68571445,166394326624
红尘几梦疏,男,2023-05-22 02:51:18 北京时间,0,景元，这就是……最后一课了……,广西,0,5,514836682,166391746256
满画星见雅,男,2023-05-22 02:28:45 北京时间,0,您？,广东,0,6,109904646,166389445936
大熊看动画,男,2023-05-22 02:13:11 北京时间,0,牛的,广东,0,6,23665985,166387846848
浅的笙,女,2023-05-22 01:41:52 北京时间,0,你搞得我又想抽了,江西,0,5,335903904,166384583840
账号已注销,保密,2023-05-22 01:30:44 北京时间,0,666,广东,0,0,12034857,166383500096
孤河之隔,男,2023-05-22 00:56:45 北京时间,0,6,江苏,0,6,23478475,166380489968
羽树月,保密,2023-05-22 00:49:01 北京时间,0,还可以,山东,0,6,383920320,166379924704
离竖白,男,2023-05-22 00:19:44 北京时间,0,煌煌威灵，尊吾敕令，刀来,广东,0,6,23782572,166377552576
知舟予山,保密,2023-05-21 23:47:23 北京时间,0,[给心心][给心心][给心心],福建,0,6,349206476,166375379184
阿灯不太亮,保密,2023-05-21 23:31:41 北京时间,0,快住手啊，这根本不是二创！[打call],天津,0,6,55434671,166374507616
帕琪Q,女,2023-05-21 23:18:55 北京时间,0,@抱紧芙芙啊,上海,1,6,18781022,166373758304
段子手大师,保密,2023-05-21 23:13:11 北京时间,0,[tv_点赞],广东,0,5,1069652636,166373553792
米八和长离睡大街,男,2023-05-21 22:46:45 北京时间,0,人生就是如此，一代人送走一代人，我们终归要送走我们的所有长辈，特别是跟自己父母离别的时候最孤独最痛苦。,上海,0,6,423859230,166372445232
我敲我胶呢,保密,2023-05-21 22:46:32 北京时间,0,彦卿，当你醒来，你会看到一切都变了，你会发现这个仙舟不再美好，那些在云骑军的日常也将一去不回。但是不要放弃，永远不要放弃。彦卿，抬起头继续前进吧，去把这个不完美的仙舟，变成你所期望的样子。活下去，彦卿，这就是，最后一招了,吉林,0,6,6012420,166372442640
我的星河,保密,2023-05-21 22:05:57 北京时间,0,好好看啊,加拿大,0,6,18636432,166371176016
哞哞胖牛,保密,2023-05-21 21:27:12 北京时间,0,[大哭]太精美了，謝謝暗貓與製作組,中国台湾,0,5,1980323072,166370348032
眼下皆星辰,保密,2023-05-21 19:26:10 北京时间,0,周年庆这么快？,吉林,0,6,331840658,166367526544
璀璨丶之心,保密,2023-05-21 19:22:20 北京时间,0,整体还是保持着暗猫老师一贯的高水准制作，就是内容表现上和官方的动画有较多重合，因为看过前者所以造成一定幅度的观感下降，不过整体瑕不掩瑜，依旧是一部出色的作品,广西,0,6,19323571,166367372688
雪の祈愿,女,2023-05-21 18:47:49 北京时间,0,景元也会堕入魔阴吗？就像前任的将军？,浙江,0,6,349994936,166365897856
包子2代,男,2023-05-21 18:39:42 北京时间,0,哎呦，还以为景元又要出pⅴ了,浙江,0,5,224683759,166365512144
被幸福包围的珂朵莉,男,2023-05-21 17:55:14 北京时间,0,眉间雪是吧[doge][doge][doge][doge][doge],广东,0,6,92477770,166362897568
梨清青,女,2023-05-21 17:43:04 北京时间,0,好精美[给心心],云南,0,6,245588622,166361911856
又双叒重复了,保密,2023-05-21 17:40:53 北京时间,0,刀子狠狠插进我心中[原神_哭哭][原神_哭哭][原神_哭哭],广东,0,5,1932203363,166361846096
DonoTbeafraidX,保密,2023-05-21 17:33:30 北京时间,0,@帕姆的收藏夹,辽宁,0,6,32967592,166361219264
浅念-QAQ,男,2023-05-21 17:32:41 北京时间,0,@崩坏星穹铁道,广东,0,5,506983441,166361034608
MoM怪兽,男,2023-05-21 17:31:20 北京时间,0,[热词系列_神仙UP][热词系列_泪目]神bgm好搭,日本,0,6,16798883,166360994352
路YoungLou,男,2023-05-21 17:28:06 北京时间,0,送上热门！,北京,0,6,6957738,166360622320
涩年糕,男,2023-05-21 17:20:33 北京时间,0,这就是神的考量吗[微笑],重庆,0,6,413115894,166360084368
Ton_n,男,2023-05-21 17:18:36 北京时间,0,好牛[大哭][大哭],俄罗斯,0,6,178016094,166359858480
隔壁村的猫头鹰,保密,2023-05-21 17:17:43 北京时间,0,质量太高惹,日本,0,6,10260267,166359664736
半半半斤地瓜烧,女,2023-05-21 17:14:20 北京时间,0,看来只有我一个人还没有景元（苦涩）[大哭],重庆,0,5,475489304,166359344272
嫄箐,保密,2023-05-21 17:10:22 北京时间,0,大号小号都意外的没歪，两个0+1，虽然小号更需要奶就是了[以闪亮之名_针不戳],四川,0,6,435802419,166359120096
RachelLt,保密,2023-05-21 16:58:38 北京时间,0,看哭了,广东,0,5,398194842,166357924992
阿敏是汉纸,保密,2023-05-21 16:59:17 北京时间,0,报！！！！八百里加急密报！将军！那个人，出手了！[doge],河南,0,6,14238480,166357895040
火花骑士嘟嘟可_,保密,2023-05-21 16:47:03 北京时间,0,这里必须要有[tv_doge],江苏,0,5,124052366,166356511600
人间如残苟,男,2023-05-21 16:45:18 北京时间,0,水平好高,广东,0,5,631759800,166356428416
爓燃辰,保密,2023-05-21 16:42:39 北京时间,0,将军，余生安好,上海,0,5,1685030910,166356083552
无心小鬼°,女,2023-05-21 16:44:26 北京时间,0,我是萌新不太懂，现在都把pv叫手书了是吗[doge][doge],江苏,0,6,18991951,166356077648
泊蓝溟,男,2023-05-21 16:17:32 北京时间,0,制做的好棒！[给心心],河南,0,6,504547903,166352744976
MoM怪兽,男,2023-05-21 16:13:07 北京时间,0,[热词系列_泪目],日本,0,6,16798883,166352041584
小肆不是四啊,保密,2023-05-21 16:05:09 北京时间,0,想创死我吗[doge],福建,0,5,400623480,166350905536
让风带走的约定,保密,2023-05-21 16:01:49 北京时间,0,是刀子,广东,0,6,186668958,166350357264
西弥忒,保密,2023-05-21 15:54:24 北京时间,0,好香的饭，大口炫，我吃，我吃吃吃！,山东,0,6,322217683,166349145424
核岛快乐水,保密,2023-05-21 15:49:42 北京时间,0,暗猫你变了，变成老米的刀子了[辣眼睛],天津,0,5,473713543,166348362224
万物流転洸刃,男,2023-05-21 15:47:39 北京时间,0,5555是神迹qwq 将军啊——,上海,0,6,2677567,166347957904
路易喵louis,男,2023-05-21 15:46:52 北京时间,0,虽然练度不高，呜呜。希望能赚点信用点,广东,0,6,208168032,166347758800
v我50助力韩信登基楚王,保密,2023-05-21 15:41:21 北京时间,0,虽然不喜欢镜流但是师徒刀我受不了啊QAQ,四川,0,5,687127317,166346913152
_-Selene-_,女,2023-05-21 15:40:48 北京时间,0,呜呜呜景元你等着，镜流进池后我肯定给你抽出来，你的徒弟彦卿我已经有了[保卫萝卜_哭哭],上海,0,5,1294966983,166346844512
夏夕语,女,2023-05-21 15:40:38 北京时间,0,太强了！！！！,山西,0,6,14932559,166346781904
TF燕归来,保密,2023-05-21 15:40:04 北京时间,0,好好好,江苏,0,6,255943036,166346749296
泡面8,男,2023-05-21 15:38:04 北京时间,0,镜流后期怎么进池子的呢，有没有大佬爆料下后续啊[脱单doge],山西,0,6,176096187,166346365408
为什么说我昵称违规,男,2023-05-21 15:37:36 北京时间,0,挺感动的，但看见弹幕那个“离开景元元”瞬间破功我的妈,辽宁,0,6,56450166,166346213776
为什么说我昵称违规,男,2023-05-21 15:37:16 北京时间,0,看见暗猫我啪的一下就点进来了，很快啊,辽宁,0,6,56450166,166346158320
竹林有屋,保密,2023-05-21 15:36:45 北京时间,0,[藏狐]仙舟的人活的还没崩三符华奥托凯文久，但是实力比他们高好几个档次，有点离谱,福建,1,6,35599017,166346126592
Mr顧Raven,保密,2023-05-21 15:33:37 北京时间,0,暗猫是神这句话我已经说累了，但是，还是要说！！暗猫是我的神！！各位老师也是我的神！！,山东,0,5,435269614,166345571248
暮辰在摸鱼,女,2023-05-21 15:32:09 北京时间,0,暗猫我滴神！！！！,河南,0,5,453934572,166345322704
红烧小火long,女,2023-05-21 15:26:14 北京时间,0,硬是氪了四命[妙啊],江苏,0,6,24448808,166344320912
席卷风沙而来,保密,2023-05-21 15:26:44 北京时间,0,飞光飞光，劝尔一杯酒……,四川,0,5,341121874,166344315376
妄牵,女,2023-05-21 15:25:55 北京时间,0,"您！！呜呜呜呜呜呜呜,我的景元我的景元呜呜呜呜呜呜呜",未知,0,6,223325753,166344267072
K0K0C,男,2023-05-21 15:19:43 北京时间,0,我相信这种看似无可奈何的循环会终结在景元这里,浙江,0,6,161906910,166343081584
木琪琪-,保密,2023-05-21 15:17:39 北京时间,0,555555哭死了,天津,0,6,91669071,166342666240
春水煎茶呐,女,2023-05-21 15:16:03 北京时间,0,有将军的地方就有我！,重庆,0,6,21305374,166342405184
聆箐,男,2023-05-21 15:15:37 北京时间,0,来来来来来了,湖北,0,5,353687741,166342290400
星辰美食酱,男,2023-05-21 15:14:50 北京时间,0,上一次还是【尘光】,江苏,0,6,204894094,166342243088
-盲目吃鱼之神-,女,2023-05-21 15:13:46 北京时间,0,个人认为结局不会是彦卿杀景元，因为太好猜了，大部分人看完pv都会有这么一个猜想，官方会让你这么早就猜到故事结局吗？,天津,0,5,638217679,166342016880
尾巴不是YI丷,男,2023-05-21 15:12:24 北京时间,0,我感觉暗猫的头像和景元有点像哎[热词系列_肥肠自信],北京,0,6,45982686,166341691456
乐于丁人,保密,2023-05-21 15:11:28 北京时间,0,镜流啊 我要是景元 高低得当一回冲师逆徒 [喜欢],山东,0,6,46300163,166341551600
尝闻黯笙,男,2023-05-21 15:05:05 北京时间,0,最后几十秒的歌是啥呀up？,重庆,1,5,522189258,166340220512
Virtual安好,保密,2023-05-21 14:59:52 北京时间,0,？？？刚刚还716的评论，怎么一刷新就零几了,陕西,0,6,45866572,166339237872
慕容折夏,保密,2023-05-21 14:59:52 北京时间,0,@一位眼瞎的旅行者,江西,0,5,1606943383,166339237648
猎宁,男,2023-05-21 14:59:13 北京时间,0,嗯！,江苏,0,5,2090799120,166339153360
拾酒遗香,保密,2023-05-21 14:54:25 北京时间,0,吾身光明…我的将军，将军。,广东,0,5,336124994,166338194336
Feduck,保密,2023-05-21 14:52:56 北京时间,0,还得是猫佬啊,江西,0,5,490774102,166337823264
零零零点了0,保密,2023-05-21 14:51:23 北京时间,0,[打call][打call],广东,0,5,3493126809323816,166337612576
梦绻星繁,保密,2023-05-21 14:51:11 北京时间,0,好耶,陕西,0,5,498949124,166337505792
把记忆结成氷,男,2023-05-21 14:47:23 北京时间,0,牛的,山西,0,6,248746718,166336824112
真是要了狗命le,男,2023-05-21 14:47:04 北京时间,0,[辣眼睛]太空喜剧 怎么没有太空 也没有喜剧？,广东,1,6,4353725,166336694720
DonoTbeafraidX,保密,2023-05-21 14:46:47 北京时间,0,好耶是景元元,辽宁,0,6,32967592,166336676432
竹琴为弦呀,女,2023-05-21 14:46:17 北京时间,0,我去好早！[星星眼],湖南,0,5,1179641581,166336591280
倒啥垃圾,女,2023-05-21 14:44:49 北京时间,0,从青葱少年变成神策将军要走多久啊😭,山东,0,5,35519511,166336290496
御坂的使徒,男,2023-05-21 14:44:54 北京时间,0,所以镜流已逝，后面要怎么进卡池呢。好像还有和颜卿切磋的剧情[tv_鼓掌],山东,0,6,25785980,166336237184
我永远是爱莉单推人,女,2023-05-21 14:44:07 北京时间,0,好耶！,广西,0,5,383902208,166336127584
唐周,保密,2023-05-21 14:42:41 北京时间,0,真的为景元的故事心动,吉林,0,6,13906230,166335871616
今夕_ling,女,2023-05-21 14:39:40 北京时间,0,镜流和景元，这对好哭到连夜给景元抽一命，镜流我也抽，队里好好的给我团团圆圆[大哭][大哭][大哭],福建,0,5,1087191241,166335188688
玉子_qoq,保密,2023-05-21 14:38:22 北京时间,0,您！[大哭],四川,0,5,381985700,166334940736
悯白霜,保密,2023-05-21 14:37:34 北京时间,0,期待暗猫大大在1.1版本后关于云上五骁的故事演绎。[洛天依],河南,0,6,184730691,166334848208
月明梨花渡雪,保密,2023-05-21 14:34:46 北京时间,0,景元😞😭一日不见，思之如狂，不得于飞，使我沦亡！！,广西,0,6,12931855,166334345616
頭髮在哪裏,保密,2023-05-21 14:33:45 北京时间,0,太神了[蜡笔小新_爱你],山西,0,6,19718589,166333996608
卡瓦维-我俩推,女,2023-05-21 14:32:11 北京时间,0,景元歪了，不要再推给我这些仙品了好吗？仿佛失去了全世界[大哭][大哭][大哭],江苏,0,5,662508128,166333858416
野之灵,女,2023-05-21 14:32:00 北京时间,0,大制作！,陕西,0,6,350599359,166333846592
忍里狸猫,保密,2023-05-21 14:29:21 北京时间,0,呜呜，景元作为仙舟人，拥有极长的寿命，却也承受了更多的苦痛与艰辛啊，见证战友堕入魔阴身，与师傅刀剑相向，现在还在肃清仙舟內敌，真就和他吟诵的那句“浮生一薤露，蜗角争是非”一般，大半辈子参与在虚妄的斗争中了，真的想看到这个男人有朝一日卸下自己的重担，放松下来遛鸟下棋，与彦卿重演飞光什么的真的不要啊[保卫萝卜_哭哭][保卫萝卜_哭哭][保卫萝卜_哭哭],江苏,0,5,1693346562,166333228080
绝区零第ㅡ可爱兔宝,保密,2023-05-21 14:27:45 北京时间,1,我来加图,吉林,0,6,7950202,166332799712
东方☆红白控,男,2023-05-21 14:26:05 北京时间,0,在其他评论区看到一张图[doge],广东,0,6,6335691,166332656144
锦木千束TakinaInoue,男,2023-05-21 14:25:23 北京时间,0,卧槽,四川,0,6,37773629,166332563264
叶英啊-,保密,2023-05-21 14:25:54 北京时间,0,"浮生一薤露,蜗角争是非。景元每次念这句的语气似感慨似叹息。好一把刀",陕西,0,6,59514827,166332519072
伍壹巴,保密,2023-05-21 14:25:32 北京时间,0,手书视频大家就别聊强度了，反正来来回回就那几个节奏重演，都看腻了，没意思，手书不比那香[大笑],山西,0,5,440529211,166332461440
莫得热评,男,2023-05-21 14:24:53 北京时间,0,@阿琪TwT @听凭枫引_ @熙姩,宁夏,0,6,255348090,166332374016
不是神厨的小福贵儿,保密,2023-05-21 14:24:14 北京时间,0,这是人家的神君,广东,0,6,29361923,166332333264
摸鱼啊摸鱼呀在摸鱼呢,女,2023-05-21 14:24:09 北京时间,0,暗猫大大，我的超人，景元最帅啦！！！,云南,0,6,33786917,166332246816
今夜好梦依旧,保密,2023-05-21 14:21:46 北京时间,0,镜流螚进卡池吗?,湖北,1,5,508711933,166331854064
sosmile,男,2023-05-21 14:21:17 北京时间,0,暗喵，我的神！,浙江,0,6,12191971,166331663104
爱喝胡酒,保密,2023-05-21 14:09:45 北京时间,0,好看，看了两遍~,广西,0,6,48383559,166329400944
匣戏,保密,2023-05-21 13:56:42 北京时间,0,(ฅ∀<`๑)♡[生日快乐_拍照记录],吉林,0,5,483046151,166327173840
巴别塔诗,保密,2023-05-21 13:53:35 北京时间,0,刃登场时候莫名其妙给景元来一句你不是其中之一，我还想不通故弄玄虚干嘛，现在想来，可能是刃多少对景元能常伴静流身边有些嫉妒[doge],重庆,0,6,9397087,166326684368
幼里OoO,女,2023-05-21 13:51:59 北京时间,0,好耶,上海,0,6,410034102,166326380736
枫叶晓秋,男,2023-05-21 13:49:49 北京时间,0,[打call][打call][打call],云南,0,5,1390586003,166325994320
打工人的一天天,保密,2023-05-21 13:49:08 北京时间,0,太棒了,广东,0,6,22058574,166325956224
跑堂的少爷,男,2023-05-21 13:48:35 北京时间,0,刚开服猫大人就来磨刀了？,北京,0,5,52195520,166325925456
我叫白学家求打死,男,2023-05-21 13:48:38 北京时间,0,[无语][无语][无语],广西,0,6,167308269,166325874368
鬼谷中人,保密,2023-05-21 13:44:48 北京时间,0,我已经开始期待镜流的手书了,广东,0,6,190119914,166325291312
白衣映孤城,保密,2023-05-21 13:43:51 北京时间,0,Up的名字是：暗猫的祝福，可为啥每次都刀我，说好的祝福呢[大哭],江苏,1,6,31332528,166325021904
鬼谷中人,保密,2023-05-21 13:42:51 北京时间,0,我已经在等暗猫今年原神周年庆又是什么神级手书了，这次叫尘？[笑哭][笑哭],广东,0,6,190119914,166324865264
支配审判庭,男,2023-05-21 13:42:02 北京时间,0,"“知道这是什么吗？知道它为什么在这里吗？”,“剑首镜流，已经死了啊”[doge]",上海,0,6,2555619,166324710880
红叶落狸,男,2023-05-21 13:40:13 北京时间,0,好绝(✪▽✪),未知,0,5,352930018,166324448992
Xiyuuuuu,保密,2023-05-21 13:40:03 北京时间,0,[打call],浙江,0,6,362422021,166324390752
和雷神黄泉芽衣贴贴,男,2023-05-21 13:36:33 北京时间,0,暗喵！永远の神~~,湖南,0,6,276360,166323811520
臭蛋的臭臭,保密,2023-05-21 13:36:20 北京时间,0,到底是大佬牛逼啊,山东,0,5,419559991,166323750224
myy陨,男,2023-05-21 13:34:00 北京时间,0,景元是爱我的，160抽出景元，歪了个鸭鸭，专武20抽就出了[星星眼],广西,0,5,441804726,166323343904
有涧田青波,男,2023-05-21 13:32:11 北京时间,0,话说……仙舟有野外吗[Overidea_京了！],山东,0,5,393225030,166323079216
君辞_dawn,保密,2023-05-21 13:32:08 北京时间,0,很喜欢崩铁玩家的一句话：啊？,湖北,0,5,474626440,166323076288
飞喵的嗷呜,女,2023-05-21 13:31:01 北京时间,0,我的超人,江苏,0,6,27216212,166322969600
小小小麻瓜啊,保密,2023-05-21 13:29:20 北京时间,0,景元已到手，镜流到时候也会把你抽出来团聚的[脱单doge],广东,1,6,35044973,166322592992
゚゚゚゚゚゚6゚,男,2023-05-21 13:28:11 北京时间,0,啊？,安徽,0,6,40005463,166322431648
MCU40死侍Deadpool,保密,2023-05-21 13:27:46 北京时间,0,纯粹因为喜欢抽了这个角色和专属光锥[给心心]玩游戏从不在乎强度，上心就好,青海,0,5,491239870,166322344608
白欧辰Ray,保密,2023-05-21 13:25:36 北京时间,0,来啦[脱单doge]，顺便说一句我想看丹恒的个人手书[保卫萝卜_哇],广西,0,5,335227390,166321965712
偷猫猫的,女,2023-05-21 13:24:03 北京时间,0,啊？！,内蒙古,0,6,51531970,166321724544
兔纸的窝边草,保密,2023-05-21 13:23:04 北京时间,0,呜呜呜，我歪了彦卿[大哭],广西,0,5,472764153,166321515024
十画子,保密,2023-05-21 13:23:02 北京时间,0,tag打错啦,广西,0,6,14212490,166321513520
冰心一弦雪,女,2023-05-21 13:22:50 北京时间,0,呜呜呜呜，你们白毛是不是都贼多刀子[保卫萝卜_哭哭][保卫萝卜_哭哭],上海,0,6,92442488,166321432416
山雨暮风,男,2023-05-21 13:22:24 北京时间,0,来啊，刀我啊[星星眼],河北,0,6,198365672,166321409856
更石子,男,2023-05-21 13:20:47 北京时间,0,"少时策马同游，烟雨如梦,彼时尘火铺扬，故人无梦",重庆,0,5,475559331,166321287216
诶嘿诶嘿的爬的danana,保密,2023-05-21 13:19:05 北京时间,0,啊太好看了，是我望尘莫及的高度,重庆,0,4,1423004337,166320875776
唯我无识,女,2023-05-21 13:18:43 北京时间,0,好伟大的作品[大哭][大哭][大哭],山东,0,6,25261937,166320855984
我怎么没有方向键,保密,2023-05-21 13:17:57 北京时间,0,画得很好看w,安徽,0,6,3222162,166320770192
一旖澜一,女,2023-05-21 13:18:12 北京时间,0,刀我别用师徒刀[保卫萝卜_哭哭],江苏,0,6,22413030,166320704896
樱落blossom,女,2023-05-21 13:16:51 北京时间,0,刚刚！[脱单doge],上海,0,5,16459444,166320600464
雷神托利姆,保密,2023-05-21 13:16:15 北京时间,0,场景感觉不是仙舟啊,广东,0,6,31045030,166320520336
-海盐奶糖-,保密,2023-05-21 13:14:37 北京时间,0,太酷啦,浙江,0,6,8806345,166320275632
冬哒冬哒,女,2023-05-21 13:14:17 北京时间,0,其实…感觉和官方pv表现内容与情感重叠了，嘛，现在所知信息还是太少了,四川,2,6,353154783,166320259168
缘---君,男,2023-05-21 13:15:22 北京时间,0,风向是会变的，相信景元彦卿这一代会打破魔阴身这一循环的，他们将会是奇迹,陕西,0,5,2070907205,166320235568
沉默之雕,保密,2023-05-21 13:14:44 北京时间,0,火鉗劉明,广东,0,6,302705685,166320203360
茶蛋兔纸,女,2023-05-21 13:14:22 北京时间,0,师徒情谊看得我泪流满面，景元的日常短信说了自己小时候相当游侠，这个笑容我好想守护呀[大哭][大哭]可是事与愿违吧，现在的他为了仙舟付出太多了，守护着家园，这种传承太击中人心了[大哭][大哭][热词系列_秀][热词系列_吹爆],广东,0,6,15336091,166320184224
风物之诗,保密,2023-05-21 13:13:51 北京时间,0,有生之年[喜欢][喜欢]泰裤辣[星星眼][星星眼],天津,0,5,1946718795,166320076032
soledad晨,男,2023-05-21 13:12:43 北京时间,0,这五香的一刀！,湖南,0,5,327298162,166320016688
红莲骑士金,男,2023-05-21 13:12:33 北京时间,0,0+1路过，开服就很喜欢，后面越来越喜欢，难得的抽了专武，作为零氪,海南,0,6,177207976,166320007776
-灵梦星海-,保密,2023-05-21 13:13:52 北京时间,0,只能攒到0+1，我永远喜欢将军！！,四川,0,5,517869560,166319999088
什么都想学的折染,女,2023-05-21 13:12:59 北京时间,0,我早就该知道的，这剧情，肯定是虐的。然而我还不信，我还不料…[大哭][大哭][大哭],山东,0,6,858589,166319953744
逾染Rachel,保密,2023-05-21 13:11:51 北京时间,0,不管画面还是bgm都好震撼，有一种静水长流的哀伤[大哭]师徒轮回逃不开的宿命啊，希望这次变量真的能带来变数（。）,湖南,0,6,32220739,166319865472
昔露儿,女,2023-05-21 13:11:54 北京时间,0,@number-4,上海,0,5,437137559,166319738208
苏宵九,保密,2023-05-21 13:11:10 北京时间,0,「吾等云骑 如云翳障空 卫蔽仙舟」,天津,0,6,25845897,166319700592
这把我们看见鲸天座,保密,2023-05-21 13:10:36 北京时间,0,[喜欢][喜欢][喜欢][喜欢],安徽,0,5,436807575,166319640960
月夜颂念,男,2023-05-21 13:10:35 北京时间,0,"飞光飞光，劝尔一杯酒。吾不识青天高，黄地厚，,唯见月寒日暖，来煎人寿。食熊则肥，食蛙则瘦。,神君何在，太一安有。天东有若木，下置衔烛龙。,吾将斩龙足，嚼龙肉。使之朝不得回，夜不得伏。,自然老者不死，少者不哭。何为服黄金，吞白玉。,谁似任公子，云中骑碧驴。刘彻茂陵多滞骨，嬴政梓棺费鲍鱼。",浙江,0,5,503284727,166319639856
一滩卷心菜,保密,2023-05-21 13:10:26 北京时间,0,流光容易把人抛，红了樱桃，绿了芭蕉。,广东,0,6,4176410,166319575744
愚者凌云,男,2023-05-21 13:09:34 北京时间,0,"谨守此誓  吾等云骑  如云翳障空  卫蔽仙舟,拔剑！",天津,0,5,382856502,166319455440
雨晨莉丝,女,2023-05-21 13:09:31 北京时间,0,[打call][打call][打call],安徽,0,6,23791030,166319426096
叶枫之约,保密,2023-05-21 13:08:52 北京时间,0,人麻了[墨镜],江西,0,5,1101298894,166319392848
乏空,保密,2023-05-21 13:09:21 北京时间,0,将军 囊中羞愧呀 只能0+1[保卫萝卜_哭哭],广东,0,5,591526218,166319359184
盛年之望wow,保密,2023-05-21 13:08:24 北京时间,0,"“堕入魔阴身是长生种的俗命，彦卿，假日我也堕入魔阴身，你也不可手下留情”,“……是，将军”,（堕入魔阴身的景元向彦卿挥刀）,“将军……就让彦卿用这一剑……来报答将军的授艺之恩吧！”,（历史重叠）,（景元没有再举刀，而是微笑着看着彦卿）,“万剑 天来！”,多年以后，庭中已是巨树遮天，彦卿对着一个孩子讲道：我等云骑，如云翳障空，卫蔽仙舟……[难过]",广东,0,3,1923889436,166319309408
赤石仙人ii,保密,2023-05-21 13:08:22 北京时间,0,哇,贵州,0,5,490177198,166319307744
先断,男,2023-05-21 13:08:20 北京时间,0,师傅比飞光里面的回忆温柔多了,河北,0,6,12724400,166319306144
夜阑风雨入梦来,保密,2023-05-21 13:08:36 北京时间,0,家人们谁懂啊，买饭回来就看到这个视频，直接下饭,广西,0,5,1695045638,166319246928
天缱云舒散,保密,2023-05-21 13:08:27 北京时间,0,哇，播放不过万的暗猫！,河南,0,5,1771800191,166319238944
bili_2086971238,保密,2023-05-21 13:08:21 北京时间,0,老婆，我滴老婆,浙江,0,5,2086971238,166319233728
中二半X,男,2023-05-21 13:08:06 北京时间,0,好好好,湖北,0,6,15149427,166319220432
Kitahane,女,2023-05-21 13:07:47 北京时间,0,仙舟春晚节目提前一年开始排练是吧！,天津,0,6,432211301,166319204320
张ko,保密,2023-05-21 13:07:51 北京时间,0,"煌煌威灵，遵吾敕令，斩无赦！！！,,将军，你真的很帅！",马来西亚,0,6,199343220,166319180304
枫柒Megumi,保密,2023-05-21 13:07:43 北京时间,0,帅啊～( ゜- ゜)つロ,湖南,0,5,1610174714,166319172944
森屿百奇,保密,2023-05-21 13:07:28 北京时间,0,好希望暗猫大大做出巡猎诞生的手书[给心心][给心心],广东,0,5,484428335,166319099936
GINGER惊蛰,男,2023-05-21 13:06:43 北京时间,0,暗猫！你终于回来了！没有你的日子！就好像真空上大街一样啊[大哭][大哭][大哭][大哭][大哭][大哭][大哭][大哭],山西,0,5,513445448,166319061056
云熙璃兮,保密,2023-05-21 13:06:54 北京时间,0,@玖島鸥,四川,0,5,356498709,166318997664
但笑不语莫夫人,保密,2023-05-21 13:06:16 北京时间,0,暗喵！[星星眼],新疆,0,6,6702865,166318964400
液压油闭嘴,女,2023-05-21 13:06:24 北京时间,0,景元！！！（扭曲地往前爬）（嘶吼）（狰狞）（试图站起来）（向前奔跑）（摔倒在地）（扭曲地往前爬）（嘶吼）（狰狞）（试图站起来）（向前奔跑）（摔倒在地）,四川,0,5,646962707,166318946528
-速力双A弱女子-,保密,2023-05-21 13:05:12 北京时间,0,君生我未生 我生君已老？,浙江,0,6,11024502,166318821280
太郎丸10035,男,2023-05-21 13:05:54 北京时间,0,啊？？？,浙江,0,5,2122336912,166318785936
流悯自乘,保密,2023-05-21 13:04:56 北京时间,0,飞碟社你看看人家……，啊……对不起走错了[doge],山东,0,5,552609290,166318736256
善聆九洲,保密,2023-05-21 13:04:24 北京时间,0,晚起的虫子有动画片看[星星眼],黑龙江,0,5,500262174,166318681776
可乐配薯片YYDS,保密,2023-05-21 13:03:38 北京时间,0,太好看啦[打call][打call][打call][给心心][给心心][给心心],福建,0,5,316742979,166318642112
诗乃逢魔兔神zio,男,2023-05-21 13:04:12 北京时间,0,景元真的帅！！,浙江,0,6,40048190,166318607824
等下雨再睡吧,女,2023-05-21 13:03:42 北京时间,0,景元[tv_色][tv_色][tv_色][tv_色] 我160抽一只的景元！！！！感谢up！,广东,0,5,347772111,166318581248
黑布霖,保密,2023-05-21 13:03:24 北京时间,0,是大帅哥！,广西,0,6,4204655,166318565840
阿凛飘飘,保密,2023-05-21 13:04:28 北京时间,0,是您（流泪颤抖点开视频并接受美学熏陶）,重庆,0,6,447018833,166318552016
零落的故萧,女,2023-05-21 13:02:32 北京时间,0,卧槽太神了！！[保卫萝卜_笔芯],广西,0,6,16709907,166318424672
魈魈不知道哦-_-_-,女,2023-05-21 13:02:11 北京时间,0,"还忆最初,有你扯过衣袖轻拂,笑说雪融似泪珠,曾经相伴相护,说着初心不负,想起某一日陪你策马同游闹市中漫步,那时正逢扬州三月桃花铺满路,神情难免恍惚,江湖的尽头是否只剩孤独",河北,0,5,259229975,166318405408
紫色猫猫豆,保密,2023-05-21 13:02:11 北京时间,0,[墨镜],甘肃,0,5,1143334311,166318404912
黑訸白荼,男,2023-05-21 13:02:07 北京时间,0,我怎么满脑子杨过小龙女[笑哭]忏悔一下[tv_思考],重庆,0,6,230969850,166318402144
饭后超负荷,女,2023-05-21 13:01:50 北京时间,0,卧槽，来早了，来早了[藏狐],江西,0,5,176540212,166318322496
请给我卡仕达酱,女,2023-05-21 13:02:37 北京时间,0,景元，顺利的话我们会一起看朝阳看落日看星辰，一年四季三餐二人一生[给心心]。不顺利的话我就把你关在小黑屋里酱酱酿酿直到顺利为止[保卫萝卜_哇],美国,0,6,9495858,166318293936
柒望啊,保密,2023-05-21 13:02:23 北京时间,0,"景元将军啊啊啊啊啊啊啊啊啊啊我超爱[给心心][给心心],暗喵大佬好强！！！！[喜欢][喜欢][喜欢]",江西,0,5,1045205646,166318281728
宋子遥,保密,2023-05-21 13:01:55 北京时间,0,啊啊啊啊但是他笑得好好看,上海,0,5,1693451526,166318257248
嘘凑下字数,保密,2023-05-21 13:01:55 北京时间,0,一，一点都不刀[墨镜],陕西,0,6,499126646,166318257200
妙枕头,女,2023-05-21 13:01:37 北京时间,0,暗猫！,福建,0,4,1514191736,166318241072
一只迷路的C8,男,2023-05-21 13:01:37 北京时间,0,永远爱景元老公[脱单doge],江苏,0,5,1780346701,166318150224
兰西妲,男,2023-05-21 13:00:54 北京时间,0,问：仙舟每百年会举行什么活动？[滑稽],海南,1,5,76857062,166318110720
安室狐狩,男,2023-05-21 13:00:27 北京时间,0,啊？,陕西,0,5,346934263,166318086272
雨落飞扬,保密,2023-05-21 13:00:22 北京时间,0,啊?景元?停住，啊?暗猫?直接点进。,陕西,0,5,645821954,166318081536
kuki_曲奇,保密,2023-05-21 13:01:20 北京时间,0,景元～我҈的҈心҈❤҈️҈澎҈湃҈💓҈💓҈ ҈飙҈快҈的҈心҈脏҈跳҈💗҈怦҈💗҈怦҈💗҈ ҈🥵҈我҈神҈魂҈颠҈倒҈🥵҈ ҈躁҈动҈的҈心҈❤҈️҈在҈放҈鞭҈炮҈🎉҈ ҈🥵҈神҈魂҈颠҈倒҈🥵҈ ҈🥵҈迷҈恋҈着҈你҈😍,江西,0,6,291471711,166318066080
柒望啊,保密,2023-05-21 13:00:49 北京时间,0,"景元将军啊啊啊啊啊啊啊啊我超爱[给心心][给心心][给心心],暗喵好强！！！！[喜欢][喜欢][喜欢]",江西,0,5,1045205646,166318037984
银之Madao,保密,2023-05-21 13:00:29 北京时间,0,暗猫大佬出行 伥者速来 有人嗦面！,广东,0,5,33757400,166318019648
清歌予丷,保密,2023-05-21 13:00:20 北京时间,0,啊？,日本,0,6,16100145,166318011888
雨之铭,保密,2023-05-21 13:00:11 北京时间,0,(*°▽°*)八(*°▽°*)♪✿ヽ(°▽°)ノ✿(*°▽°*)八(*°▽°*)♪,江苏,0,5,488812964,166318003280
乌萨奇皮鼓谁敢闻,保密,2023-05-21 13:00:09 北京时间,0,就是，仙舟的天空，是这样的吗,湖南,0,6,38356780,166317977120
是莫莫也是墨墨,保密,2023-05-21 12:59:34 北京时间,0,将军！别和我玩捉迷藏了，出来吧！,四川,0,5,482334021,166317945424
欧阳碧空,保密,2023-05-21 12:59:33 北京时间,0,5分钟还是热乎的,重庆,0,5,1334708675,166317944656
夏至之瞳,保密,2023-05-21 12:59:13 北京时间,0,熟悉的刀子[崩坏3_你好],广东,0,6,190675099,166317926144
滞年,保密,2023-05-21 12:59:12 北京时间,0,景元元![大哭],河南,0,5,1861486505,166317925488
小埋的流萤日记,男,2023-05-21 13:00:13 北京时间,0,啊？,宁夏,0,6,280124824,166317913120
小三月的幸福魔法,男,2023-05-21 12:59:43 北京时间,0,[崩坏3·终焉归始_燃起来了],江苏,0,5,636528157,166317885952
浅蓝色调x,男,2023-05-21 12:59:48 北京时间,0,啊？,江苏,0,5,1152867600,166317822080
秋元结衣咕咕咕,女,2023-05-21 12:59:03 北京时间,0,看哭了[保卫萝卜_哭哭],河北,0,6,73833682,166317781632
糖醋沙拉酱,保密,2023-05-21 12:59:03 北京时间,0,不要刀子！！,浙江,0,5,406709471,166317780592
从卢浮宫潜逃,女,2023-05-21 12:58:59 北京时间,0,这怎么还能有刀！,江苏,0,6,30825638,166317777568
看报然后天下无敌,保密,2023-05-21 12:58:50 北京时间,0,啊啊啊啊啊啊,黑龙江,0,6,290452672,166317769008
七困,保密,2023-05-21 12:58:48 北京时间,0,"好烫，烫烫烫，好米啊,送老师花花[脱单doge]",浙江,0,5,1185772373,166317767280
山间住,女,2023-05-21 12:59:05 北京时间,0,好棒,陕西,0,6,76950362,166317758896
Wannelson,男,2023-05-21 12:59:00 北京时间,0,"尘光,尘沙,流光,这标题里的汉字又不用买版权，不需要这么省着用吧[辣眼睛]",德国,0,6,333778340,166317754784
绯红的思绪,男,2023-05-21 12:58:38 北京时间,0,让我想到了丹辰子和玄天宗[笑哭]先入魔了，杀,浙江,0,6,10249290,166317735152
女王yo,保密,2023-05-21 12:58:21 北京时间,0,画面美到不愿发弹幕！！！音乐也好棒！,陕西,0,6,92742458,166317719344
xuan蓿安,保密,2023-05-21 12:58:19 北京时间,0,好快！[热词系列_知识增加],广东,0,6,13196056,166317717264
木河子,保密,2023-05-21 12:58:16 北京时间,0,温柔而寂寞,河南,0,5,442499436,166317714752
快乐伏,男,2023-05-21 12:58:12 北京时间,0,太强了,河南,0,6,161337835,166317711360
魔法偶像知更鸟,保密,2023-05-21 12:58:03 北京时间,0,[脱单doge],浙江,0,5,321359499,166317702272
vonO_o,保密,2023-05-21 12:58:02 北京时间,0,@京罗,广西,1,6,22119359,166317701904
近岸忽觉已逢椿,男,2023-05-21 12:57:47 北京时间,0,被刀傻了[笑哭],湖北,0,5,419033949,166317687888
妖白二零,保密,2023-05-21 12:58:37 北京时间,0,啊……新鲜的刀子呃啊,江苏,0,5,2096663563,166317665984
䨶爨䶥䨻寷,男,2023-05-21 12:58:34 北京时间,0,桃李情深心中印，强绝猛将岂无情（桃李情：师生情）,湖北,0,5,244739921,166317662848
louisAki,保密,2023-05-21 12:58:29 北京时间,0,刀昏了[大哭][大哭][大哭],江苏,0,6,43372608,166317658576
寵鬼皇冠海,男,2023-05-21 12:58:24 北京时间,0,能者先赏,湖南,0,5,73728377,166317654160
岚绯,保密,2023-05-21 12:57:49 北京时间,0,wow!!(๑•̀ω•́ฅ)ｷﾘｯ☆,广东,0,4,3461562109003882,166317621888
一只猫盒子A_catbox,保密,2023-05-21 12:57:31 北京时间,0,哇塞,安徽,0,6,621987830,166317605040
吾日三行,保密,2023-05-21 12:57:26 北京时间,0,很喜欢崩铁玩家的一句话：啊？,湖北,0,5,290314569,166317600464
獭獭开desi,保密,2023-05-21 12:58:10 北京时间,0,这个景元好漂亮啊┻┻︵⁞=༎ຶ﹏༎ຶ=⁞︵┻┻,湖南,0,6,91411618,166317573008
沉默是金lys,男,2023-05-21 12:57:53 北京时间,0,[热词系列_知识增加][热词系列_知识增加],上海,0,6,28525054,166317557984
没兴趣与不知道,男,2023-05-21 12:57:47 北京时间,0,来力,广东,0,6,17640406,166317552544
-妖落落-,保密,2023-05-21 12:57:35 北京时间,0,高技术力,四川,0,5,520186215,166317541456
千年苦等玉藻前,男,2023-05-21 12:57:26 北京时间,0,很强,青海,0,6,6920530,166317533056
那个秋洛吖,女,2023-05-21 12:57:23 北京时间,0,注定要保底的开拓者一位[大哭],广东,0,5,674499610,166317530400
灯花巷陌四更烛,保密,2023-05-21 12:57:23 北京时间,0,崩铁玩了半天就删，景元视频一个不落,广东,0,5,351503016,166317530176
朽羽_xy,女,2023-05-21 12:57:18 北京时间,0,啊？,福建,0,5,479496025,166317525104
阿雨想早睡,女,2023-05-21 12:57:15 北京时间,0,好神！,广东,0,5,432136284,166317522672
查图斯特,男,2023-05-21 12:57:24 北京时间,0,这就是最后一课了[崩坏3·光辉矢愿_不可以看],辽宁,0,5,485729189,166317507616
晏之大人,女,2023-05-21 12:57:24 北京时间,0,我来啦,广东,0,5,102403641,166317507040
宇宙诗集zzz,保密,2023-05-21 12:57:18 北京时间,0,我满眼都是景元祖传的红秋裤[笑哭][笑哭][笑哭],广东,0,6,16091555,166317501232
小二来一打萌妹子,男,2023-05-21 12:57:18 北京时间,0,不愧是dmy，镜流背后看着像凝光皮肤后背,内蒙古,0,6,88541654,166317500896
斯涵斯哈斯哈,保密,2023-05-21 12:57:11 北京时间,0,帮帮我！神君先生！    离开景元元！,安徽,0,5,25986794,166317495696
洋葱酱波瑠卡,男,2023-05-21 12:57:11 北京时间,0,[doge]感觉早年没那么屑来着,浙江,0,5,1087541305,166317495328
可星很花心,保密,2023-05-21 12:57:00 北京时间,0,来了来了,四川,0,6,10266546,166317485296
紫苑佩兰,保密,2023-05-21 12:56:52 北京时间,0,[打call][打call],广东,0,6,384999,166317478112
初原小不点,保密,2023-05-21 12:56:47 北京时间,0,从手书中，表达了暗猫对米哈游的热爱（下面接）,浙江,0,5,1394415581,166317473216
飖兮若云,保密,2023-05-21 12:56:40 北京时间,0,[打call][打call][打call]我是景元将军的狗！！,云南,0,6,256699207,166317466976
控二柱子的鼬,保密,2023-05-21 12:56:15 北京时间,0,大佬的作画一如既往的精细啊，节奏太棒了,江苏,0,6,9293224,166317443008
奇奇怪怪的旅人,保密,2023-05-21 12:57:23 北京时间,0,哇，是宝刀，这刀针不戳啊,山东,0,5,233919818,166317437840
繁花简蔓,女,2023-05-21 12:57:20 北京时间,0,暗猫老师稳定发挥！！！[打call][打call][打call],湖北,0,6,100874262,166317435136
厄加勒斯暖流,男,2023-05-21 12:57:06 北京时间,0,暗猫大大！,江苏,0,6,174783662,166317420848
山君无存,保密,2023-05-21 12:56:51 北京时间,0,好好好,陕西,0,6,381719976,166317407056
社恐患者琦倎7003,保密,2023-05-21 12:56:50 北京时间,0,"第一第一,老子留下第一的脚印了[星星眼][星星眼][星星眼],我的景元，我的爱人，我的神呀,赞美暗猫[打call][打call]",辽宁,0,6,130535207,166317406128
LEM0N不酸,男,2023-05-21 12:56:48 北京时间,0,[崩坏3·终焉归始_咀嚼],新疆,0,6,18448846,166317404368
烟沙的画有点长,男,2023-05-21 12:56:41 北京时间,0,我是星铁玩家，我来：啊？,广西,0,6,165792998,166317397392
yjfffffffff,女,2023-05-21 12:56:41 北京时间,0,这次好早[打call][打call],湖北,0,5,696541313,166317397248
我是说呆毛很好,男,2023-05-21 12:56:39 北京时间,0,好快啊，还以为看错了。,广西,0,5,1719757916,166317396288
檩芸,保密,2023-05-21 12:56:39 北京时间,0,镜流如果能进卡池，必抽，和景元一队,江苏,0,6,471445233,166317395856
菌寶,男,2023-05-21 12:56:37 北京时间,0,猫猫！！！大猫猫,浙江,0,6,289995959,166317394288
阿璃qnq,女,2023-05-21 12:56:36 北京时间,0,卧槽,江西,0,6,12232098,166317393760
Cheese_LL,保密,2023-05-21 12:56:21 北京时间,0,好耶！[兔年],山东,0,4,1025901942,166317379360
你若安好yhy,男,2023-05-21 12:56:14 北京时间,0,[崩坏3·终焉归始_燃起来了],江苏,0,5,433250960,166317373360
-墨卿君-,保密,2023-05-21 12:56:03 北京时间,0,赞美神仙,江苏,0,6,180088076,166317363728
猪肉白菜炖粉条er,保密,2023-05-21 12:57:13 北京时间,0,来啦！！！！！！！！！！,江苏,0,5,287407004,166317359936
正乐诗晗,保密,2023-05-21 12:57:03 北京时间,0,这么快！,江苏,0,4,347343810,166317349872
陈余9501,保密,2023-05-21 12:56:59 北京时间,0,很喜欢星铁玩家的一句话：啊？,内蒙古,0,6,404684446,166317346688
筑shinelll,保密,2023-05-21 12:56:56 北京时间,0,希望多多咱[doge],江苏,0,5,436017668,166317343360
小北咕咕菇,保密,2023-05-21 12:56:46 北京时间,0,帮帮我，神君先生！离开景元元[滑稽],云南,0,6,267012303,166317334368
天卓pencil,女,2023-05-21 12:56:44 北京时间,0,来了！吹爆暗猫老师！[保卫萝卜_哇][保卫萝卜_哇][保卫萝卜_哇],广西,0,6,28172856,166317332544
孤帆笠舟,保密,2023-05-21 12:56:35 北京时间,0,啊～？！[哦呼],江苏,0,6,386474766,166317324288
在下白小糖,保密,2023-05-21 12:56:31 北京时间,0,妙啊😯！！！,河南,0,3,3493080802003453,166317321072
黑腿鸡,保密,2023-05-21 12:56:25 北京时间,0,流光，飞光[微笑],山东,0,5,381821027,166317315616
依丝瑞尔,男,2023-05-21 12:56:18 北京时间,0,镜流静静地看着你，不再言语,北京,0,6,13978514,166317309328
空闲梦,男,2023-05-21 12:56:17 北京时间,0,加一,贵州,0,5,627515406,166317308640
虫君さん,保密,2023-05-21 12:56:10 北京时间,0,景元元啊啊啊啊啊啊啊啊啊啊啊啊啊啊,福建,0,6,302531899,166317302560
一笔画梦江湖,保密,2023-05-21 12:56:08 北京时间,0,啊？,河北,0,5,432606833,166317300208
泠安lingan,男,2023-05-21 12:56:07 北京时间,0,帅！,湖南,0,5,520605669,166317299072
俞浅画,女,2023-05-21 12:56:01 北京时间,0,终不似，少年游[保卫萝卜_哭哭],广西,0,6,453383778,166317294768
不想上班的咸鱼1号,女,2023-05-21 12:56:01 北京时间,0,猫猫，你是我的神！,江苏,0,6,248252203,166317294192
霜若泠,女,2023-05-21 12:56:01 北京时间,0,[打call][打call][打call][打call][打call],安徽,0,6,1994234,166317293904
旧衣兮墨,保密,2023-05-21 12:55:48 北京时间,0,啊?,广东,0,6,399830245,166317282832
世界第一可爱咕哒子,女,2023-05-21 12:56:08 北京时间,0,来的早不如来的巧，吃上热乎的了！大佬贴贴！正好弥补了官方动画中没有对师傅和景元日常的空缺，完美了，舒服了，爱死了！,浙江,0,5,454394630,166317277408
周一desu,男,2023-05-21 12:56:08 北京时间,0,一楼被猫猫撅[星星眼][星星眼][星星眼],江苏,0,5,477828898,166317277120
清风不留,保密,2023-05-21 12:56:08 北京时间,0,好热乎，第一次赶上这么热乎的,浙江,0,5,34017429,166317276848
莫想了阿葬还在我怀里,男,2023-05-21 12:55:54 北京时间,0,喜欢但要等罗刹就不抽了，祝大家伙十连双金[脱单doge]景元是真的帅，虽然我老怕和彦卿也整一出和镜流的……,福建,0,5,241516644,166317263984
晴天四季,女,2023-05-21 12:55:51 北京时间,0,[打call][打call][打call][打call],四川,0,5,313091178,166317261568
LanfongShawn,保密,2023-05-21 12:55:42 北京时间,0,啊？,广东,0,6,33327866,166317253808
景元大狮叽,男,2023-05-21 12:55:40 北京时间,0,先三连！,甘肃,0,6,224662780,166317252032
春风偏绿江北岸,保密,2023-05-21 12:55:39 北京时间,0,哎嘿哎嘿，这次两分钟,江苏,0,6,86720000,166317250656
Aloereed,保密,2023-05-21 12:55:38 北京时间,0,好家伙那么快,上海,0,6,17404964,166317250016
枫渊红,男,2023-05-21 12:55:37 北京时间,0,来力[对你百无禁忌_愛心],广西,0,5,449787107,166317249440
白霞罚,保密,2023-05-21 12:55:33 北京时间,0,"景元:帮帮我，神霄雷府总司驱雷掣电追魔扫秽天君,神君:离开帝弓七天将巡猎令使闭目神策将军景元元🤖✋⚡",黑龙江,0,5,455737704,166317245776
九又六分之一,男,2023-05-21 12:55:33 北京时间,0,大爱将军[打call],天津,0,5,392664713,166317245152
戎午,男,2023-05-21 12:55:31 北京时间,0,好耶,河南,0,5,647917181,166317243664
乱岚_拨止,男,2023-05-21 12:55:29 北京时间,0,哎呀终于更新了,浙江,0,6,504136937,166317241872
梦の延续_,男,2023-05-21 12:55:28 北京时间,0,酱紫快？,广东,0,5,299576420,166317241504
丶苏璞,男,2023-05-21 12:55:16 北京时间,0,啊？,辽宁,0,5,1760532343,166317229552
星玥夜X,保密,2023-05-21 12:55:15 北京时间,0,景元老婆！[脱单doge][脱单doge][脱单doge],湖北,0,5,1380746343,166317228640
_丹心如恒,保密,2023-05-21 12:55:11 北京时间,0,啊？,天津,0,5,437095028,166317224928
豆腐泡_,男,2023-05-21 12:55:11 北京时间,0,我...这...你[tv_惊吓],陕西,0,6,390289199,166317224608
邪魅小灰龙,男,2023-05-21 12:55:09 北京时间,0,[脱单doge],山东,0,5,1104821771,166317222704
Sycamoretrees-,保密,2023-05-21 12:55:07 北京时间,0,啊！,浙江,0,6,165836553,166317221152
帝鸿玄,保密,2023-05-21 12:54:59 北京时间,0,[脱单doge],重庆,0,5,35395997,166317214128
琪亚娜的香蕉,保密,2023-05-21 12:54:56 北京时间,0,啊？,浙江,0,5,1123005688,166317211328
ZFWY祭風君,保密,2023-05-21 12:54:55 北京时间,0,很喜欢崩铁玩家的一句话：啊？[脱单doge],浙江,0,5,413723639,166317209648
我永远喜欢爱莉希雅1_,保密,2023-05-21 12:54:53 北京时间,0,来了[崩坏3·光辉矢愿_大佬喝可乐][崩坏3·光辉矢愿_比心],福建,0,5,326091554,166317208352
月店里开花馒头,保密,2023-05-21 12:54:51 北京时间,0,[星星眼],河南,0,2,1795048875,166317206240
小孩纸吖U,保密,2023-05-21 12:54:45 北京时间,0,这么快！,上海,1,5,316973306,166317200352
華舉,男,2023-05-21 12:55:44 北京时间,0,暗猫出品，必属精品[热词系列_三连],山东,0,6,347426941,166317187120
星月-雾雨,保密,2023-05-21 12:55:43 北京时间,0,୧⍢⃝୨,山东,0,6,75568306,166317186032
呜哩哇啦哎嘿嘿,女,2023-05-21 12:55:38 北京时间,0,是刀[大哭]真的希望彦卿和景元不要重蹈覆辙[大哭],重庆,0,5,123252454,166317181600
风花屿,保密,2023-05-21 12:55:34 北京时间,0,这就是最后一课了，景元元[墨镜],湖北,0,5,446679826,166317177488
Repent_漓烨,保密,2023-05-21 12:55:33 北京时间,0,[洛天依][洛天依][洛天依][打call],福建,0,5,1766983240,166317176336
龙宫礼奈无所大,男,2023-05-21 12:55:17 北京时间,0,师生颠倒版最后一课,陕西,0,5,1034684704,166317162128
愛莉希雅゙,保密,2023-05-21 12:55:13 北京时间,0,[崩坏3·光辉矢愿_大佬喝可乐][崩坏3·光辉矢愿_回眸],浙江,0,6,200622977,166317158592
听听吧少年,保密,2023-05-21 12:55:11 北京时间,0,[哦呼][哦呼][哦呼][哦呼][哦呼],广东,0,6,610187834,166317156752
六个松鼠,保密,2023-05-21 12:55:08 北京时间,0,能者先赏[星星眼],广东,0,5,38281602,166317153504
失效露露跑路路,女,2023-05-21 12:55:08 北京时间,0,这么快就出了，实在是 泰酷拉,江苏,0,4,1818739802,166317153328
帝弓司命必秒寿瘟祸祖,保密,2023-05-21 12:55:08 北京时间,0,哇！,上海,0,6,183388100,166317153264
是小阿落呀,男,2023-05-21 12:55:06 北京时间,0,热乎的[打call],安徽,0,6,235626010,166317151088
檩芸,保密,2023-05-21 12:54:55 北京时间,0,一人在看？,江苏,0,6,471445233,166317140960
撸猫令使景元元,女,2023-05-21 12:54:53 北京时间,0,景元[大哭]我的生命之光，欲望之火,江西,0,6,73661430,166317139088
LoyalKnigh凌羽,男,2023-05-21 12:54:52 北京时间,0,[打call],山东,0,6,10054967,166317138480
皮于奔波,保密,2023-05-21 12:54:51 北京时间,0,[脱单doge],山东,0,4,533685120,166317137264
Quiz_Answer,女,2023-05-21 12:54:49 北京时间,0,是景元元[星星眼],北京,0,5,496792415,166317136080
潘海利根荒野,男,2023-05-21 12:54:48 北京时间,0,来了来了,俄罗斯,0,6,351960924,166317135120
知更鸟小姐榜一大哥,保密,2023-05-21 12:54:46 北京时间,0,"啊,[崩坏3·光辉矢愿_大佬喝可乐][崩坏3·光辉矢愿_大佬喝可乐][崩坏3·光辉矢愿_大佬喝可乐][崩坏3·光辉矢愿_大佬喝可乐][崩坏3·光辉矢愿_大佬喝可乐]",湖北,0,6,421377810,166317132640
堪水,保密,2023-05-21 12:54:45 北京时间,0,很喜欢崩铁玩家的一句话，“啊！”[吃瓜],湖北,0,4,1502662572,166317132128
44度微醺,保密,2023-05-21 12:54:42 北京时间,0,好早啊！,上海,0,5,353179816,166317128960
凤梨橙苏sc,男,2023-05-21 12:54:41 北京时间,0,太酷啦,上海,0,6,37201295,166317127584
洛易沂,保密,2023-05-21 12:55:39 北京时间,0,我“啪”的一下就点进来了，很快啊,浙江,0,5,450044917,166317114864
那个秋洛吖,女,2023-05-21 12:55:35 北京时间,0,[打call][打call],广东,0,5,674499610,166317111856
EEENNNZZZ,保密,2023-05-21 12:55:34 北京时间,0,[打call][打call][打call],广东,0,5,620878084,166317110048
时荔,女,2023-05-21 12:55:24 北京时间,0,诶嘿嘿嘿,广东,1,6,26066201,166317100976
拿什么挽回你我的西综,保密,2023-05-21 12:55:09 北京时间,0,简介:希望能多多咱[妙啊]暗猫大佬辛苦了,广东,0,6,81995806,166317087936
今天也是爱哒宰的一天,女,2023-05-21 12:55:07 北京时间,0,啊？,湖北,0,6,16035450,166317085504
爱莉我の宝,保密,2023-05-21 12:54:58 北京时间,0,这么巧[给心心][给心心],江苏,0,5,520296973,166317077168
gablade,保密,2023-05-21 12:54:55 北京时间,0,1分钟,辽宁,0,6,89839396,166317073968
行踪不定,保密,2023-05-21 12:54:55 北京时间,0,是暗喵，是景元，是新手书，太棒了！！！,浙江,0,6,5003940,166317073872
花雎笑,女,2023-05-21 12:54:54 北京时间,0,啊？,北京,0,6,15834753,166317073312
极夜心Q,保密,2023-05-21 12:54:53 北京时间,0,好好好，又有好看的[星星眼],广西,0,6,200328952,166317072096
爱唱小虫的歌,男,2023-05-21 12:54:52 北京时间,0,诶？？！！？这是啥？？！！？！还没到拜年祭对吧,湖北,0,6,1822474,166317071088
铃木惠一,男,2023-05-21 12:54:49 北京时间,0,辣么快[惊讶],贵州,0,5,444364375,166317068496
_爱是难驯鸟,保密,2023-05-21 12:54:45 北京时间,0,啊？,甘肃,0,6,416554761,166317064624
啾百白,保密,2023-05-21 12:54:45 北京时间,0,这么快，好牛[星星眼],江苏,0,5,347637302,166317064384
咸鱼护法,男,2023-05-21 12:54:43 北京时间,0,啊？好快的手书,河北,0,6,19715832,166317062736
间隔万千里-,保密,2023-05-21 12:54:43 北京时间,0,哇哦！,浙江,0,5,366151474,166317062224
南雨临渊,保密,2023-05-21 12:54:41 北京时间,0,能者先赏,江西,0,6,228972109,166317060880
NIVEKASLANA,男,2023-05-21 12:54:41 北京时间,0,佬！[星星眼],江苏,0,6,114065144,166317060496
一脸无辜的金皮卡,男,2023-05-21 12:54:39 北京时间,0,啊?,山东,0,6,168843870,166317058480
风车飞飞飞,保密,2023-05-21 12:54:36 北京时间,0,哎哟我去,湖北,0,6,352893958,166317056256
正负零-0,保密,2023-05-21 12:54:36 北京时间,0,刚刚！,广东,0,5,1828449482,166317056144
玲零零零玲,保密,2023-05-21 12:54:32 北京时间,0,啊？,内蒙古,0,5,14944362,166317052672
八重神子吖,保密,2023-05-21 12:54:31 北京时间,0,✿ヽ(°▽°)ノ✿,贵州,0,6,34564850,166317051424
雪冰星Start,保密,2023-05-21 12:54:30 北京时间,0,[打call][打call][打call],广东,0,5,1328147187,166317050416
芝士鲨鱼qwq,男,2023-05-21 12:54:25 北京时间,0,爷爷，你关注的up主更新啦,辽宁,0,5,511216282,166317045888
除I夕,保密,2023-05-21 12:54:24 北京时间,0,[咩栗_打call][咩栗_打call],江西,0,6,162639788,166317044288
惆怅相忍,女,2023-05-21 12:54:22 北京时间,0,啊,四川,0,6,35534532,166317042720
CUAN涵,男,2023-05-21 12:54:21 北京时间,0,好看,辽宁,0,5,455544935,166317041984
毗客拗芃PKAP,女,2023-05-21 12:54:20 北京时间,0,刚刚a,福建,0,5,646488018,166317041136
南明哦,保密,2023-05-21 12:54:20 北京时间,0,哇,江苏,0,5,478897669,166317040768
阿西今天吃药了吗,女,2023-05-21 12:54:44 北京时间,0,是景元！[保卫萝卜_哇],河南,0,6,448125884,166317039424
在下四维,女,2023-05-21 12:54:43 北京时间,0,为了抽景元元，专门又开了个号。将军大人，我超爱你哒,广西,0,6,13888445,166317038864
羊咩咩Crystal,女,2023-05-21 12:54:42 北京时间,0,芜湖 热乎的,浙江,0,5,495775976,166317037680
木枫叶林,保密,2023-05-21 12:54:41 北京时间,0,好耶,安徽,0,6,510436298,166317036464
阿刃又忘记牵我了,女,2023-05-21 12:54:39 北京时间,0,啊?,辽宁,0,6,453207183,166317035056
小怪兽2479,男,2023-05-21 12:54:36 北京时间,0,啊？,广东,0,6,483472203,166317031360
阿萧_Ghost,保密,2023-05-21 12:54:34 北京时间,0,啊？,陕西,0,6,415874544,166317030032
远水晶核,保密,2023-05-21 12:54:34 北京时间,0,好耶！,河南,0,5,442137900,166317029424
橡皮擦王子,女,2023-05-21 12:54:33 北京时间,0,是新鲜的手书[原神_干杯],浙江,0,5,1957620513,166317029008
宇宙超级无敌真寻大王,保密,2023-05-21 12:54:33 北京时间,0,[崩坏3·光辉矢愿_大佬喝可乐],山东,0,5,1581482718,166317028592
梦欣蓝,保密,2023-05-21 12:54:30 北京时间,0,啊？,广东,0,6,17784911,166317025872
佚罅,保密,2023-05-21 12:54:27 北京时间,0,币先投了再看[热词系列_你币有了],新疆,0,6,2143444144,166317023664
旎_绮,保密,2023-05-21 12:54:24 北京时间,0,好家伙[星星眼]我赶上了,上海,0,6,66860414,166317020016
起名废的自我放弃,女,2023-05-21 12:54:19 北京时间,0,哇！！,江苏,0,6,475341475,166317015392
spiowed嘿嘿,女,2023-05-21 12:54:15 北京时间,0,[doge]沙发,陕西,0,5,436532733,166317012144
水木哒哒,男,2023-05-21 12:54:14 北京时间,0,啊？,浙江,0,5,481828419,166317011392
棍之勇者复仇路,保密,2023-05-21 12:54:14 北京时间,0,啊？？,四川,0,6,398614585,166317011376
清风-明月共天涯,男,2023-05-21 12:54:13 北京时间,0,啊？,北京,0,5,102472699,166317009504
YEHUO野火,男,2023-05-21 12:54:12 北京时间,0,[doge][doge],黑龙江,0,5,439106295,166317008800
结城明日奈゙,男,2023-05-21 12:54:09 北京时间,0,啊啊啊啊啊啊啊啊啊,山东,0,6,286508137,166317006160
快乐伏,男,2023-05-21 12:54:07 北京时间,0,啊？,河南,0,6,161337835,166317004352
水镜有名,男,2023-05-21 12:54:07 北京时间,0,啊？,重庆,0,6,20674805,166317004144
ClarksL,女,2023-05-21 12:54:06 北京时间,0,卧槽[喜欢][打call],江苏,0,6,15609244,166317003616
克莱恩因斯特,女,2023-05-21 12:54:05 北京时间,0,能者先赏[星星眼][星星眼][星星眼],福建,0,6,34359601,166317002832
ASAHUMAN,男,2023-05-21 12:54:04 北京时间,0,啊?,重庆,0,6,18719257,166317001440
桃花灼灼山茶,保密,2023-05-21 12:54:03 北京时间,0,卧槽,广东,0,5,2146946484,166317000592
MomoCasHew--,女,2023-05-21 12:53:58 北京时间,0,老婆老婆！！！！！！！[星星眼][星星眼][星星眼][星星眼],新疆,0,5,262420897,166316996288
祈不必,男,2023-05-21 12:53:58 北京时间,0,这么快都[doge],四川,0,5,2068280900,166316996272
浔阳______,保密,2023-05-21 12:53:58 北京时间,0,好！,甘肃,0,6,85726205,166316995664
晔晔的漫画家,女,2023-05-21 12:53:53 北京时间,0,好帅，真的是泰酷辣！！！[打call][打call][打call],浙江,0,5,454755491,166316991168
Sh-O-ck,男,2023-05-21 12:53:53 北京时间,0,[星星眼],北京,0,6,204309183,166316991072
初雨心恬,保密,2023-05-21 12:53:52 北京时间,0,热评我的[doge],广西,0,6,382139736,166316990304
luyiyisu,保密,2023-05-21 12:53:52 北京时间,0,新鲜的[打call][打call][打call],贵州,0,5,361387203,166316990256
SUL羽,女,2023-05-21 12:53:50 北京时间,0,来了来了[星星眼][星星眼][星星眼],重庆,0,6,259334559,166316988752
浮生终_若梦,男,2023-05-21 12:53:45 北京时间,0,[热词系列_三连],江苏,0,5,411313070,166316983584
落下小葱,保密,2023-05-21 12:53:43 北京时间,0,[脱单doge],上海,0,6,388868,166316981920
2EM36_E17,女,2023-05-21 12:53:43 北京时间,0,[热词系列_优雅],四川,0,6,242231042,166316981392
十年一刻o,保密,2023-05-21 12:53:42 北京时间,0,[星星眼],陕西,0,6,86163592,166316981232
毛绒熊04,女,2023-05-21 12:53:40 北京时间,0,刚刚！,河北,0,5,269283330,166316979216
千烑翎,保密,2023-05-21 12:53:39 北京时间,0,热乎的!!太帅啦!,云南,0,5,1081908368,166316977648
炫彩红兔头,保密,2023-05-21 12:53:37 北京时间,0,牛啊,福建,0,6,422494836,166316975408
放飞渣风呐,保密,2023-05-21 12:54:29 北京时间,0,[星星眼][星星眼][星星眼],广西,0,5,1897708338,166316956720
Morpheus--zzz,保密,2023-05-21 12:54:28 北京时间,0,景元不歪[给心心],山东,0,4,1274656189,166316955296
葬雪山茶,保密,2023-05-21 12:54:25 北京时间,0,夸夸[打call][打call][打call]顺便tag打错了，是镜流哦,广东,0,6,28727319,166316953280
随来教我画画,保密,2023-05-21 12:54:25 北京时间,0,？啊,湖北,0,3,3461579678943730,166316953264
爱琴的风轻,保密,2023-05-21 12:54:21 北京时间,0,哇，暗喵竟然给景元做了手书！,河南,0,5,311848597,166316949536
兰菈虫,保密,2023-05-21 12:54:21 北京时间,0,[doge],四川,0,5,442414573,166316949072
大魔王友利奈绪丶,男,2023-05-21 12:54:21 北京时间,0,好！,山东,0,6,60357597,166316948768
小昕诶,保密,2023-05-21 12:54:17 北京时间,0,啊？这么突然,湖南,0,6,110505339,166316945712
眯眯眼的花狸狸,保密,2023-05-21 12:54:16 北京时间,0,啊啊啊啊，景元,河南,0,6,88054276,166316944816
神不刀哨兵我刀_,女,2023-05-21 12:54:16 北京时间,0,热乎的！,上海,0,6,8077902,166316944592
fiouee,女,2023-05-21 12:54:15 北京时间,0,景元元！！！,贵州,0,6,356296232,166316943712
AA洛溪,保密,2023-05-21 12:54:14 北京时间,0,前排！！不要这么突然啊！你可真是——给了我一个好大的惊喜！[星星眼][星星眼][星星眼],陕西,0,6,104193688,166316943472
在玩了别催了,女,2023-05-21 12:54:14 北京时间,0,趁着没人，我是景元的狗[喜欢],湖南,0,6,195780862,166316942992
店员小硬,女,2023-05-21 12:54:13 北京时间,0,[星星眼][星星眼][星星眼],山东,0,5,85640590,166316941920
是雪雪的说,女,2023-05-21 12:54:11 北京时间,0,刚刚！刚刚！刚刚！热的热的[doge],陕西,0,5,364812350,166316939680
御坂19094,女,2023-05-21 12:54:03 北京时间,0,[打call][打call][打call],安徽,0,5,543809507,166316933056
躺平摆烂美好人生,保密,2023-05-21 12:54:02 北京时间,0,我靠？刚刚！,马来西亚,0,5,257551436,166316931632
墨暮晓,保密,2023-05-21 12:54:01 北京时间,0,好耶,四川,0,5,521182318,166316930656
王爵德,保密,2023-05-21 12:53:59 北京时间,0,来早了,四川,0,5,218641026,166316928960
优吉欧一生推,男,2023-05-21 12:53:59 北京时间,0,6,广东,0,6,130577105,166316928640
初雨海,男,2023-05-21 12:53:56 北京时间,0,啊？,广东,0,6,272399294,166316926128
星炎焚天,男,2023-05-21 12:53:54 北京时间,0,[崩坏3·终焉归始_燃起来了],北京,0,6,648927076,166316923776
11037438514_bili,男,2023-05-21 12:53:53 北京时间,0,好耶,山东,0,5,438978479,166316922928
渡尘之羽迦楼罗,保密,2023-05-21 12:53:52 北京时间,0,神[打call][打call],广东,0,6,359041050,166316922528
云鱼青莲,保密,2023-05-21 12:53:48 北京时间,0,好家伙,江苏,0,6,625847170,166316918208
我想试试名能字有多长,保密,2023-05-21 12:53:47 北京时间,0,1,内蒙古,0,5,1561973362,166316917568
玉黍靈風,保密,2023-05-21 12:53:47 北京时间,0,神仙,江西,0,6,492866498,166316917280
梦涵倾,保密,2023-05-21 12:53:42 北京时间,0,芜湖[星星眼],新疆,0,4,2048015666,166316913024
向着煤油拼搏,女,2023-05-21 12:53:42 北京时间,0,[星星眼],湖南,0,6,91494362,166316912240
动漫的萌新爱好者,男,2023-05-21 12:53:41 北京时间,0,我好早啊？,河南,0,6,259242820,166316911744
一条月球上的咸鱼,保密,2023-05-21 12:53:41 北京时间,0,这么快,福建,0,6,385433550,166316911584
卜梨音,女,2023-05-21 12:53:39 北京时间,0,哇,湖北,0,5,353530998,166316909312
是小手了啦,保密,2023-05-21 12:53:38 北京时间,0,好耶,江苏,0,5,26027973,166316908800
清风箓风,保密,2023-05-21 12:53:37 北京时间,0,[打call][打call][打call],安徽,0,5,1602947660,166316908240
啦哒哩哒滴滴,保密,2023-05-21 12:53:37 北京时间,0,蛙，新鲜热乎的,上海,0,6,17424145,166316908016
銀河棒球俠,男,2023-05-21 12:53:34 北京时间,0,[doge],广东,0,5,594683341,166316905376
柴柴柴大王,男,2023-05-21 12:53:34 北京时间,0,1,山东,0,5,109142642,166316904544
爱上天空那片海,保密,2023-05-21 12:53:32 北京时间,0,[坎公骑冠剑_干杯],河南,0,5,277736687,166316903424
声きな言葉,男,2023-05-21 12:53:31 北京时间,0,这[星星眼][崩坏3·光辉矢愿_回眸][崩坏3·光辉矢愿_比心],湖南,0,6,32912567,166316902304
Tangwhale,女,2023-05-21 12:54:17 北京时间,0,这味……好浓的崩3气息,上海,0,5,193136698,166316877600
风过月,男,2023-05-21 12:54:15 北京时间,0,来了！,湖北,0,6,285277908,166316875840
空想Forest-Fan,男,2023-05-21 12:54:11 北京时间,0,好耶，是大佬出新作品了,重庆,0,6,748130,166316872336
黑猫圆子,女,2023-05-21 12:54:09 北京时间,0,@鲤鱼小饭团,吉林,0,5,330290583,166316869968
星--star,女,2023-05-21 12:54:09 北京时间,0,啊？,湖北,0,6,197513328,166316869680
娱乐detective,男,2023-05-21 12:54:08 北京时间,0,"拜托了~神君先生,离开景元元",未知,0,6,472354179,166316868864
问闾阊,男,2023-05-21 12:54:07 北京时间,0,巧了,江苏,0,5,2135748856,166316867968
奶黄包小孩,女,2023-05-21 12:54:06 北京时间,0,[tv_呆],海南,0,6,121265222,166316867184
北栀_-_,保密,2023-05-21 12:54:06 北京时间,0,离开景元元[doge],黑龙江,0,5,556799287,166316866800
小雨藏三,保密,2023-05-21 12:53:58 北京时间,0,号养好了ヾ(Ő∀Ő๑)ﾉ太好惹,吉林,0,6,22570188,166316860208
步哭步酷,男,2023-05-21 12:53:56 北京时间,0,握草,广西,0,6,14531695,166316857920
瑾瑜infinite,保密,2023-05-21 12:53:55 北京时间,0,还热的[星星眼][星星眼][星星眼],辽宁,0,5,482208658,166316857296
一元次方否,女,2023-05-21 12:53:53 北京时间,0,来早了！[星星眼],江苏,0,4,582089848,166316854704
绚烂繁星格蕾修,女,2023-05-21 12:53:51 北京时间,0,[呲牙]哇哦[星星眼][星星眼][星星眼],河南,0,5,475681495,166316853456
Yatonokamiじゅう伊,保密,2023-05-21 12:53:49 北京时间,0,啊？,江西,0,6,177276717,166316850992
-天耀,男,2023-05-21 12:53:47 北京时间,0,！啊？,山东,0,5,526317875,166316849264
美巧天天嗑cp,保密,2023-05-21 12:53:47 北京时间,0,好家伙,马来西亚,0,6,361042016,166316849168
老大手作人偶166号,男,2023-05-21 12:53:47 北京时间,0,woc，是暗猫大佬,北京,0,5,1636982225,166316849024
混沌君233,男,2023-05-21 12:53:47 北京时间,0,来早了，还没火[doge],四川,0,5,90435608,166316848960
小北咕咕菇,保密,2023-05-21 12:53:47 北京时间,0,爱了爱了[喜欢],云南,0,6,267012303,166316848896
VoidStranded,保密,2023-05-21 12:53:45 北京时间,0,(*´I`*),吉林,0,5,2104525496,166316847712
大剑豪·晓,保密,2023-05-21 12:53:45 北京时间,0,"啊？,哦不是官方",广东,0,6,10908284,166316847136
社恐患者琦倎7003,保密,2023-05-21 12:53:44 北京时间,0,太太[星星眼],辽宁,0,6,130535207,166316846096
雷电芽衣橄榄我,保密,2023-05-21 12:53:43 北京时间,0,让我看看，这是谁,广西,0,5,1793398322,166316845696
水宝HHYY,保密,2023-05-21 12:53:40 北京时间,0,来了,广东,0,6,128184332,166316842176
一箱长江水,男,2023-05-21 12:53:39 北京时间,0,[崩坏3·光辉矢愿_比心],海南,0,5,1544275266,166316841152
阿口合,保密,2023-05-21 12:53:39 北京时间,0,？？！,山西,0,5,1056620779,166316840880
初雨心恬,保密,2023-05-21 12:53:37 北京时间,0,好耶,广西,0,6,382139736,166316839920
祝薇尔幸福,保密,2023-05-21 12:53:36 北京时间,0,芜湖！[给心心],浙江,0,5,1293951091,166316839104
泪落无瞳,女,2023-05-21 12:53:34 北京时间,0,好耶,山东,0,6,513474708,166316836832
沈浪_2046,男,2023-05-21 13:05:20 北京时间,2445,6+5景元前来点赞！只要你喜欢景元，我们就是好朋友！,北京,58,6,261175080,166318755728
奈亚拉托没普,保密,2023-05-21 13:12:02 北京时间,1094,是时候放出这张图了[脱单doge],四川,18,5,477162911,166319819488
普通的申鹤厨,保密,2023-05-21 13:02:18 北京时间,5,我还没抽到www，希望不歪……,湖北,0,6,648006291,166318277872
晏然团子,女,2023-05-21 12:59:27 北京时间,2,守护这刻的笑容,内蒙古,0,6,399066298,166317803120
白衣藏月光,保密,2023-05-21 13:34:30 北京时间,1,首页，绷不住了[笑哭],重庆,0,6,29443929,166323488080
晏然团子,女,2023-05-21 12:58:15 北京时间,1,命运的轮回,内蒙古,0,6,399066298,166317577536
爱你星期日砂金饮月,保密,2023-06-19 08:01:11 北京时间,0,爱你😘,辽宁,0,5,495107818,170723404880
jsjejsknd,保密,2023-06-13 16:49:12 北京时间,0,恐怖的转发数[脱单doge],山东,0,3,501179067,169896995616
一只野生的森,保密,2023-05-21 12:58:04 北京时间,0,仙舟罗浮自己的将军[脱单doge][脱单doge][脱单doge],辽宁,0,5,1014255286,166317635984
