昵称,性别,时间,点赞,评论量,IP属地,二级评论条数，条数相同说明在同一个人下面,等级,uid,rpid
梦醒l_,男,2023-05-21 13:33:56 北京时间,1024,确实，因为注定堕入魔阴身的宿命，镜流很难过于亲近自己的徒弟，为了以后下手的时候少几分犹豫[委屈],湖南,76,6,44572391,166323454944
雅雅终极猎手,保密,2023-05-21 13:44:48 北京时间,524,太对味了，现在过于亲近的话在动手时肯定会更加难过吧,浙江,76,6,335435444,166325291776
cateast222,保密,2023-05-21 14:10:16 北京时间,121,过于亲近没法下手,广东,76,6,346358219,166329431648
--挺秃然的--,保密,2023-05-21 14:29:23 北京时间,87,但是景元对彦卿好宠啊[给心心],山东,76,5,1597070577,166333230048
渺青菓,男,2023-05-21 14:39:48 北京时间,271,所以换到自己时不论是对彦卿还是符玄，虽然表面上看似一直在pua，但实际上一直在关心引导他们[笑哭],河南,76,6,8292634,166335198048
ohyeeeeeeeah,女,2023-05-21 14:46:03 北京时间,127,回复 @--挺秃然的-- :或许是弥补一些自己幼时的缺憾吧,上海,76,6,316338406,166336530608
菌菌糕糕,保密,2023-05-21 15:07:59 北京时间,87,那将军对彦卿这么好是找到破解诅咒的方法了吗，难道他不担心自己堕入魔阴身、彦卿下不了手吗[保卫萝卜_哭哭]是不是有转机呜呜呜,广东,76,6,11311161,166340890416
kamww,保密,2023-05-21 15:32:08 北京时间,233,回复 @景元将军的小麻雀 :这就不一定了，崩崩崩的卡池角色是有可能be的，我的想法偏向于是补偿性心理，因为自己没有，这种缺憾会不自觉地带给自己变化，改变对下一代的想法和行为，除非这个人，他具有恐怖的绝对理性，不然从人性上来说，这是难以克制的，即使是百千年载生离死别的长生种,广东,76,6,356050702,166345267040
什么15615,男,2023-05-21 15:34:30 北京时间,0,回复 @景元将军的小麻雀 :我猜没有[大哭],山东,76,5,1402186067,166345785840
c呆-,保密,2023-05-21 15:45:21 北京时间,19,回复 @景元将军的小麻雀 :我记得有说过景元没有魔阴身的预兆,上海,76,5,623288750,166347589328
南梦芽_,男,2023-05-21 15:56:53 北京时间,65,回复 @c呆- :这是宿命，景元也快到那个年龄了，虽然不是说到那个年龄一定会，但是确实要做准备来,广西,76,6,277624044,166349556544
不如初nab,男,2023-05-21 17:24:52 北京时间,10,应该是因为制作周期长，手书剧本敲定时景元还没实装，所以在一些细节设定上跟游戏内会有差距，但问题不大，不影响手书本身的高质量,辽宁,76,6,345819498,166360385680
被幸福包围的珂朵莉,男,2023-05-21 17:45:10 北京时间,64,回复 @--挺秃然的-- :虽然景元是很亲近，但是景元那句话也在说师傅在用别的方式呵护他呢！说不定师傅就是不想让景元对她产生更多的感情吧！就像景元培养彦卿一样，估计怀着和他师傅一样的想法，到时候我入魔阴身就靠你来阻止我了[doge][doge][doge]，不过看景元对彦卿那么好，估计他也没有放弃寻找让仙舟人解除入魔诅咒的方法吧！,广东,76,6,92477770,166362089392
如往昔丶枫,男,2023-05-21 17:50:21 北京时间,20,回复 @南梦芽_ :其他人上位的没有景元这么久还没入魔的，目前好像就他一个。,广东,76,6,85366719,166362399088
米亚-卡恩斯坦,保密,2023-05-21 18:07:06 北京时间,55,哪会不亲近呢，文中的这个“但”字就反转了啊，所谓严父慈母，可能师傅扮演的就是这个严厉的角色，但实际是非常关爱的，不然与师傅决战时刻景元也不会犹豫那么久了,广东,76,6,17898032,166363639088
为什么不给我改匿名,保密,2023-05-21 19:05:49 北京时间,8,回复 @米亚-卡恩斯坦 :是亲近但是不是外放的亲近，这个短片里嬉笑打闹的场景太多了 ooc,美国,76,6,21924487,166366738720
雨落千心,保密,2023-05-21 23:18:20 北京时间,2,这个界面怎么打开(=・ω・=),广东,76,6,284625351,166373748208
雨落千心,保密,2023-05-22 00:13:55 北京时间,1,回复 @在下月蚀呀 :谢谢！,广东,76,6,284625351,166377213680
渚汐白,保密,2023-05-22 02:41:50 北京时间,57,"回复 @景元将军的小麻雀 :你可以想一想，镜流可能也斩杀了她的师父，但是当初她的师父就像景元对待彦卿一样宠爱，于是她包裹起了自己，不让景元亲近自己。到了景元这里，遗憾于不能与师父亲近，又因为自己的性格，于是一直这么宠爱彦卿。如果这不是游戏而是真实存在的故事，那么接下来就是彦卿斩杀景元，可能彦卿也很性情大变，变得像镜流一样不亲近人。,成熟的玩家就要自己给自己找刀子吃[崩坏3·光辉矢愿_不可以看]",安徽,76,6,513875949,166390838480
惪赋,保密,2023-05-23 15:55:44 北京时间,7,回复 @景元将军的小麻雀 :堕入魔阴不是只有杀一种办法，关也可以，快到时间了景元自己关十王司就可以了,广东,76,5,1084658197,166646765232
云笙梦辰,男,2023-05-29 05:02:36 北京时间,12,回复 @景元将军的小麻雀 :仙舟一直都有限制堕魔的手段，万寿无情丹有过案例，服用之人断情绝欲，直至寿终,四川,76,6,295424673,167475926528
云笙梦辰,男,2023-05-29 05:06:24 北京时间,15,回复 @景元将军的小麻雀 :不过更多的是景元没有堕魔的征兆，白露曾说景元到现在也没有堕魔的征兆，外加堕魔者大多感情波动严重从而堕魔，像景元这种心态的人，很难有大的情绪波动，外加景元有岚的赐福，虽然不知道神的赐福有没有抵抗堕魔的效果，但作为岚的令使，丰饶的死敌，若让自己手下的令使变成丰饶余孽，在剧情上岚的地位以及逼格一定会大跌，为了神的颜面，要么景元在堕魔前就死了，要么就会一直保持人的身份活下去,四川,76,6,295424673,167476432960
云笙梦辰,男,2023-05-29 05:07:26 北京时间,1,回复 @惪赋 :关的都是有救之人啊，至于已经堕魔的人，罗浮没有手段治疗，救下的都是有征兆的啊,四川,76,6,295424673,167476570944
云笙梦辰,男,2023-05-29 05:09:30 北京时间,12,回复 @循月_ :但是你是不是还有一点没有考虑，彦卿的实力与景元之间的差距，中间还插着一个符玄，景元作为令使，外加头脑聪明，变成魔阴者之人实力还会高于前身，彦卿吃镜流一个平a都难堪，抓个罗刹还差点被反杀，你要他怎么刀景元啊,四川,76,6,295424673,167476904112
渚汐白,保密,2023-05-29 05:26:20 北京时间,2,回复 @云笙梦辰 :景元绷不住的时候肯定就得卸任了。到时候就没有将军实力了，堕入魔阴身也还早着，彦卿现在才十几岁，未来成长空间大的很。,安徽,76,6,513875949,167479092080
云笙梦辰,男,2023-05-29 06:22:21 北京时间,1,回复 @循月_ :卸任就没实力了？将军就是个职位啊，跟实力有什么关系？,四川,76,6,295424673,167485680048
云笙梦辰,男,2023-05-29 06:24:21 北京时间,2,回复 @循月_ :彦卿能成长，景元也不会固步自封啊，彦卿不过是1+1=3的成长，景元可能是1+1=2，景元的天赋也不比彦卿低啊，镜流消失前景元就已经成为将军了,四川,76,6,295424673,167485840240
渚汐白,保密,2023-05-29 06:48:16 北京时间,4,回复 @云笙梦辰 :哥们，景元卸任就没有将军赐福了啊，巡猎赐福才能把人拉上令使的层次，你是不是对设定都不了解呀。而且堕入魔阴身就只剩下本能了，实力肯定不如之前的。那你要这么说，镜流几百年的老剑首了，被自己一百来岁的徒弟给宰了算怎么回事。[tv_生气],安徽,76,6,513875949,167488272048
渚汐白,保密,2023-05-29 06:50:49 北京时间,0,回复 @云笙梦辰 :景元是将军，手里公务忙的一批，哪有那么多时间锤炼武艺呀，隔壁驭空也是，当年的性格火爆的王牌飞行士，现在不也只能沉下心来，坐在办公室处理公务。成长肯定都是看小年轻的成长，老东西该爆金币啦[tv_斜眼笑],安徽,76,6,513875949,167488648560
云笙梦辰,男,2023-05-29 11:05:07 北京时间,0,回复 @循月_ :有没有可能岚的赐福不挑身份只看人？,四川,76,6,295424673,167520097408
云笙梦辰,男,2023-05-29 11:08:16 北京时间,2,回复 @循月_ :镜流和景元的年龄差本来就不大，魔阴身可以加强实力但是打法会变得毫无章法，景元能赢不是靠的岚的赐福外加镜流后面意识回来了？景元什么时候变成武将了？你是一点也不看岚的加持啊，岚虽然弱但是可以最大限度给令使自己的力量，镜流再强又能强过岚了？只要景元还是令使镜流硬实力上面就拼不过景元，那景元为什么就打不赢镜流？岚已经弱到能被一个剑首欺负的程度？,四川,76,6,295424673,167520642656
云笙梦辰,男,2023-05-29 11:10:26 北京时间,3,回复 @循月_ :再说工务方面，景元真的很忙？每天都有时间到白露那里去摸鱼，能悠闲在岗位上打瞌睡，溜鸟留狸奴，这真的是一个大忙人的工作态度？景元在剧情里就已经把工作退掉了，基本上都是彦卿和符玄去办的，他们办不了还有驭空在，景元基本上都没有在忙，怎么到你那变成一个大忙人了？,四川,76,6,295424673,167520968720
云笙梦辰,男,2023-05-29 11:16:29 北京时间,1,回复 @循月_ :彦卿的语音里说景元现在基本上没有武力的需要，白露的背景故事里说了景元没事就跑到自己这样，聊聊天，蹭蹭吃的，包括罗浮外面还有神君在把守罗浮，外加需要动脑子的在剧情里景元就已经让符玄去处理了，忙啥？现在的剧情里景元唯一忙的就是盯着罗刹，抓刃和卡芙卡的事情都交给主角团了,四川,76,6,295424673,167521794608
云笙梦辰,男,2023-05-29 11:19:23 北京时间,0,回复 @循月_ :还有，神君是岚的赐福，和将军没有关系，将军只是职位，景元刚成为将军的时候可没有神君，谁搞错了我就没有多说了吧,四川,76,6,295424673,167522340672
渚汐白,保密,2023-05-29 11:28:28 北京时间,0,回复 @云笙梦辰 :大哥，游戏内文本你是真不看啊？仙舟上的六大将军和元帅是受到巡猎的赐福，这七个都是和毁灭的绝灭大君对标的，实力都在灭星系的级别。换言之，巡猎就是看你身份给赐福，不要搞错了因果律，也就是说，正是因为景元获得了巡猎的赐福，他才能击杀镜流，如果没有这个赐福，景元和镜流最多也就伯仲之间，哪怕镜流堕入魔阴身。镜流收徒的时候景元才小小一只，你和我说这俩差不多大……,安徽,76,6,513875949,167523656176
渚汐白,保密,2023-05-29 11:30:22 北京时间,0,回复 @云笙梦辰 :另外神君是景元自己修炼来的，和巡猎没有关系，巡猎的赐福只是把巡猎命途上的虚数能量分给自己的令使而已。神君就是景元独有的，甚至成为罗浮的标志，其他将军都没有，和巡猎赐福无关。,安徽,76,6,513875949,167523964736
渚汐白,保密,2023-05-29 11:32:28 北京时间,0,回复 @云笙梦辰 :你不要真以为景元就是啥事没有一个闲人，游戏里喊他闭目将军，其实他为罗浮细心筹划了许多事情，压根就不是甩手掌柜。虽然有心培养符卿和彦卿两个一文一武，但这俩都还没成长起来，景元要操心的事情多了去了。,安徽,76,6,513875949,167524285568
渚汐白,保密,2023-05-29 11:35:45 北京时间,0,回复 @云笙梦辰 :你一边说景元摸鱼，一边又说景元也一直在修炼武艺，也有精进，我都不知道你到底是什么想法。闭目将军只是景元的工作态度，不等于景元没事干或者说不干事，你多看看考究，多找文本看就知道了，景元谋无遗策是方方面面的，谁真把景元当摸鱼怪我笑他一坤年。,安徽,76,6,513875949,167524771504
云笙梦辰,男,2023-05-29 12:52:40 北京时间,0,回复 @循月_ :来来来，看看星穹发的贴,四川,76,6,295424673,167536661408
云笙梦辰,男,2023-05-29 12:54:18 北京时间,1,回复 @循月_ :星穹5月19日的第二张图第二个问，问后面的大家伙是什么，景元明确说了是星神的赐福，光是你说神君是景元修炼出来的，我就想笑你,四川,76,6,295424673,167536984336
云笙梦辰,男,2023-05-29 12:55:51 北京时间,0,回复 @循月_ :景元没有摸鱼？你看看角色背景好嘛，去看看彦卿和白露的，都有景元摸鱼的迹象，而且我说的是现在的景元不是一开始的景元，一个快退休的景元和刚刚当将军的景元是一个工作态度？,四川,76,6,295424673,167537226336
云笙梦辰,男,2023-05-29 12:56:55 北京时间,0,回复 @循月_ :还有你说令使，那我告诉我，令使最少的智识，共87个，岚的令使只比87个多，那意思是仙舟至少有88个将军和元帅？,四川,76,6,295424673,167537363264
云笙梦辰,男,2023-05-29 12:57:48 北京时间,0,回复 @循月_ :我求求你至少看看星穹的公告吧，上面明确都说了神君就是星神的赐福，你要是不看你也至少百度百度行不行？,四川,76,6,295424673,167537486496
云笙梦辰,男,2023-05-29 13:03:26 北京时间,1,回复 @循月_ :另外我在跟你说关于景元实力提升的问题，景元是岚的令使，丰饶一天不死，岚便一天不会消失，换个意思，景元即使每天摸鱼不修炼，只要丰饶还在，岚就还在，相当于景元一直有一个外置充电宝，你告诉我这样景元的实力还不能提升？你在开什么玩笑？,四川,76,6,295424673,167538344800
云笙梦辰,男,2023-05-29 13:06:16 北京时间,0,回复 @循月_ :景元刚开始确实忙，也很认真，那是因为他刚当上将军，现在的景元已经明确表示要退位了，但是符玄的心态一直上不了，所以景元很多事情都在让符玄去做，这些事情本就包括符玄本身的事情加将军的事情，ok？景元都已经把将军的工作交给符玄了，那他现在还需要做什么你告诉我？我说了半天你是一个字不看啊，彦卿，符玄已经包揽了景元的武和智，景元还做什么？剧情里明确说明的东西你都不知道，还好意思说我？,四川,76,6,295424673,167538886304
灵逸-_-,保密,2023-06-02 11:51:06 北京时间,0,但是镜流没死( ゜- ゜)つロ，后续成为刃一样的存在了，立绘已报，飞光里说的只是不知所踪,广东,76,5,484532460,168121971344
冷漠月魂,保密,2023-06-18 01:34:03 北京时间,0,错了，虽然镜流未曾真正对景元展现过真心，但是平常镜流却对景元关怀备至，景元不傻，他只是觉得师傅不擅长表达自己的内心，可这种“冷漠的爱”让景元下手时更加痛苦，只不过景元意志坚强而已，所谓的更好的下手只不过是镜流的幻想罢了[奥比岛_委屈],广东,76,5,3493113540643805,170525804016
佳佳佳553,保密,2023-06-21 12:54:33 北京时间,0,回复 @云笙梦辰 :景元确实有在把一些活儿甩给type-c，但是你哪看出来他不忙了？整个星核事件景元从头到尾都盯的好吗？其他人还懵逼的时候，他已经把局布好了，甚至做好了预案。包括药王秘传等等，很多事都是管着的，只不过他应该是在培养下一任，所以把一些事甩出去了而已,河南,76,5,178636615,171064620800
佳佳佳553,保密,2023-06-21 12:57:11 北京时间,1,回复 @云笙梦辰 :不，主要是目前以魔阴身的发病机理看，仙舟人实际上是岚和丰饶的力量在体内失衡之后会出毛病，也变相解释了为什么星核会导致罗浮入魔的人暴增。那要这么看的话，景元活的久一点也不是不可能，毕竟目前没什么大的变故,河南,76,5,178636615,171065080512
云笙梦辰,男,2023-06-22 14:50:11 北京时间,0,回复 @佳佳佳553 :景元现在和前面比还能叫忙？现在景元只负责最后的决定了，且不说仙舟一直有神君在把守，下面还有符玄和彦卿处理武和智，符玄的很多事情都由景元做最后的决定，景元已经不算忙了，角色背景里景元每天都会去看白露，很多时候还会在白露那里闲聊休憩，这就已经不算是一个大忙人了,四川,76,6,295424673,171247567968
云笙梦辰,男,2023-06-22 14:51:24 北京时间,0,回复 @佳佳佳553 :魔阴身的病变就是情绪上的病变，文案里有写的,四川,76,6,295424673,171247874912
云笙梦辰,男,2023-06-29 03:58:33 北京时间,0,回复 @佳佳佳553 :白露的同行任务出来了，白露明确说“只有那些最鲜明、最极端的部分还能存在一—通常不会是什么快乐的回忆，多是些后悔、痛恨、悲伤之类的负面积淀 ”“「魔阴身」的征兆就是从此开始显现。不过，比这更可怕的还是之后肉身上的变化..”,四川,76,6,295424673,172287207152
云笙梦辰,男,2023-06-29 03:59:45 北京时间,0,回复 @佳佳佳553 :这两句话已经明确说明魔阴身触发条件就是过激的情绪波动,四川,76,6,295424673,172287183376
佳佳佳553,保密,2023-06-29 14:06:45 北京时间,0,回复 @云笙梦辰 :我知道啊，这是病因，病理好像是这个力量的失衡。还有我总感觉景元去看白露应该是有目的性的，不是单纯的闲，毕竟上一个龙尊闹的事不小。,河南,76,5,178636615,172375591440
云笙梦辰,男,2023-06-29 14:07:44 北京时间,0,回复 @佳佳佳553 :那你还否定我……,四川,76,6,295424673,172375937456
云笙梦辰,男,2023-06-29 14:08:13 北京时间,0,回复 @佳佳佳553 :景元去看白露是因为她前生是持明族的族长，所以经常看她,四川,76,6,295424673,172375910368
云笙梦辰,男,2023-06-29 14:08:42 北京时间,0,回复 @佳佳佳553 :虽然是带有目的性还是摸鱼就是摸鱼，景元已经不是大忙人了,四川,76,6,295424673,172375996160
云笙梦辰,男,2023-06-29 14:11:18 北京时间,0,回复 @佳佳佳553 :你说的失衡没有一个准确的方向，鬼知道失衡是哪方面的失衡，你一上来就说个“不”，现在白露的同行任务又说明了情况，你又说你知道，把我搞晕了,四川,76,6,295424673,172376565152
佳佳佳553,保密,2023-06-29 15:05:39 北京时间,0,回复 @云笙梦辰 :病理啊，我记得之前在哪看到过，好像是丹枢，提到过这玩意儿的病理，应该是丰饶的力量在体内失衡,河南,76,5,178636615,172386161296
佳佳佳553,保密,2023-06-29 15:05:58 北京时间,0,回复 @云笙梦辰 :你要说比以前忙肯定不会，但我可不觉得他现在闲到哪去,河南,76,5,178636615,172386053344
云笙梦辰,男,2023-06-30 05:49:28 北京时间,0,回复 @佳佳佳553 :那你上来就说“不”干嘛,四川,76,6,295424673,172465990048
云笙梦辰,男,2023-06-30 05:52:45 北京时间,0,回复 @佳佳佳553 :景元本来就不忙了，彦卿和符玄抢着干活，外面还有神君守着，每个岗位也有领头人物，驭空也好，雪衣也罢，都是有秩序的，景元的大部分任务就是做最后符玄做不了的决策，景元现在又忙起来了无非就是星河猎手来了，师傅跑回来了，这两件事情处理完景元基本上又闲下来了，一个快退休的人能忙到哪去？,四川,76,6,295424673,172466465840
云笙梦辰,男,2023-06-30 05:54:45 北京时间,0,回复 @佳佳佳553 :景元就是隔壁的风神，你看温迪忙吗？还不是因为下面有琴守着，崩铁这边符玄不就是琴？仙舟只要秩序不改，没出符玄她们都解决不了都大问题，那景元基本上就是一个闲人,四川,76,6,295424673,172466815424
爱莉希雅来咯,男,2023-07-13 17:23:33 北京时间,0,镜流的前半生 目前没有提及 谁也不知道镜流是不是也曾亲手手刃了自己的恩师，镜流和景元的年纪差的太多 直到景元做了将军才多少年 镜流早就知道自己的结局 年长的人总是会一力承担所有的一切 如若景元对她亲近亦或是武力不及 她又该找谁来解脱呢 景元是天纵奇才 年纪轻轻就是罗浮将军 对待彦卿会游刃有余 但是最不敢想的是 他们 是否都是在培养将来能镇守一方并且杀死暴走的自己的徒弟呢,韩国,76,6,145023527,174844451200
凌烟-无限重名中,保密,2023-07-31 03:33:59 北京时间,0,回复 @--挺秃然的-- :彦青是将军从小养大的确实亲近太多了，但他终究还是要面对的……他想和将军一样的话，就注定要面对熟悉的人的生离死别，和曾经的景元一样,湖北,76,5,521468976,178088406848
凌烟-无限重名中,保密,2023-07-31 03:34:49 北京时间,0,回复 @云笙梦辰 :差的也不小应该，少说几百年……？,湖北,76,5,521468976,178088567664
凌烟-无限重名中,保密,2023-07-31 03:36:35 北京时间,0,当年的镜流也比景元强吧，但景元还不是照样得对上[藏狐]估计就是因为镜流强再加上是景元对上的才能是“失踪”结局，而不是真的死了,湖北,76,5,521468976,178088828848
什么15615,男,2023-07-31 04:04:12 北京时间,1,回复 @凌烟-无限重名中 :当时静流实力应该已经亚于景元了，毕竟景元当时已经有神君了，还是巡猎令使,山东,76,5,1402186067,178093588576
贪睡的七叶,男,2023-08-01 05:34:52 北京时间,0,回复 @景元将军的小麻雀 : 因为景元心中的接班人是符玄，符玄是个非常公私分明的人，景元相信自己堕入魔荫身后符玄不会手下留情，彦青有为将之能冲锋陷阵，但是目前没有作为统帅的大局观，还是年轻啊。,江苏,76,6,4333052,178307121776
_-Selene-_,女,2023-08-06 07:17:53 北京时间,0,回复 @凌烟-无限重名中 :其实我觉得景元当年终究没有狠下心，没有打到致命位置，感觉彦卿同行任务里镜流最后对彦卿的那段话有对景元没有了结自己的幽怨,江苏,76,5,1294966983,179313750032
无量塔_姬子已经死了,男,2023-08-22 02:19:54 北京时间,0,而且，如果景元都入魔了，那么对仙舟联盟打击得多大啊！神策将军，计谋无双，都避不开堕入魔阴身！主线里幻胧所为可谓是杀人诛心啊！就是要把他们引以为傲毁掉！,湖北,76,6,24448664,182279968832
钟心原初,保密,2023-09-17 07:59:40 北京时间,0,回复 @景元将军的小麻雀 :转机不知道，但实在是到了那个地步我想景元元会有自毁的“奇兵”[墨镜],广东,76,6,328948380,186310893472
芔箫澜月,保密,2023-10-01 01:28:28 北京时间,0,回复 @景元将军的小麻雀 : 你是不是忘记了某个太卜想当将军的，在说了，神君都还是巡猎赐福的，他要是魔阴，你觉得神君会视而不见吗,江西,76,5,517164490,188204014160
赫刹玄,保密,2023-11-09 03:40:55 北京时间,0,回复 @淂仴多 : 景元 不就是因为是巡猎令使才有资格敕命神君吗,四川,76,3,3546394094734146,193617455120
影行高山,女,2023-11-14 04:28:09 北京时间,0,现在回看这句话更感慨。,上海,76,5,1720134735,194340721088
橘色の橘猫,保密,2023-11-19 05:19:18 北京时间,0,回复 @拂手阴晴又复雨 :每隔一代就性情相似是吧，有点道理！[tv_思考],湖北,76,6,61601454,195020547664
叁水犬奇,女,2023-05-21 15:01:27 北京时间,16,感谢大佬养服！还有好友位吗🥺,云南,40,5,387089645,166339502384
霰雪霏云,男,2023-05-21 15:02:27 北京时间,0,佬!,四川,40,6,353927490,166339729680
星之彩xzc,保密,2023-05-21 15:13:22 北京时间,0,大佬球球好友位！,北京,40,6,152959856,166341754208
一抹灬红茶,保密,2023-05-21 15:22:32 北京时间,6,同6+1就是比较喜欢景元元太帅了[打call][打call][打call],广东,40,6,310304814,166343507648
゚亘,女,2023-05-21 15:39:21 北京时间,0,大佬求个好友位[大哭][大哭],山东,40,6,8178547,166346470448
清风环佩,男,2023-05-21 15:57:36 北京时间,0,大佬求个好友位,四川,40,6,410111460,166349645712
痴心臭猪咯,女,2023-05-21 17:19:39 北京时间,0,求求了，真的很需要你的景元刷本[脱单doge],四川,40,6,315093522,166360001344
如往昔丶枫,男,2023-05-21 17:52:24 北京时间,0,不是说景元武器先升满提升高一些吗，我是先抽的精二武器，去追一命。,广东,40,6,85366719,166362543840
-一辈子-,保密,2023-05-21 18:12:07 北京时间,0,大佬求个好友位,江苏,40,5,353685757,166363974816
zhu怪,男,2023-05-21 21:09:23 北京时间,0,好友位啊宝子,新疆,40,6,15974005,166370019616
-adjudicator_,保密,2023-05-21 21:40:12 北京时间,0,100468814还有位置加一般都会同意[脱单doge],黑龙江,40,6,90904084,166370594288
今天表白了没,男,2023-05-21 22:53:34 北京时间,0,佬我来了[脱单doge],广东,40,6,16007869,166372804208
今天表白了没,男,2023-05-21 22:53:45 北京时间,0,佬[脱单doge],广东,40,6,16007869,166372683328
勿勿不匆匆,保密,2023-05-21 23:55:24 北京时间,0,大佬[脱单doge],广东,40,6,350240709,166375797616
离竖白,男,2023-05-22 00:10:29 北京时间,0,感谢大佬养服！还有好友位吗🥺,广东,40,6,23782572,166376838576
枯禅未杳眠,保密,2023-05-22 00:30:44 北京时间,3,同6+1，景元和我双向奔赴，玩米家游戏抽卡最欧的一次[大哭],广西,40,6,6796424,166378409088
御坂3519,保密,2023-05-22 01:51:18 北京时间,0,回复 @枯禅未杳眠 :大佬，还有好友位吗？,河南,40,6,616379314,166385487488
无边绝望_,保密,2023-05-22 02:50:04 北京时间,0,回复 @一抹灬红茶 :佬，好友位，求求,河北,40,6,390173923,166391648128
枯禅未杳眠,保密,2023-05-22 03:14:46 北京时间,1,回复 @御坂3519 :有是有的，不过这个号遗物太非了，凑了一套先带着，马上50了升级再刷[大哭]112689182,广西,40,6,6796424,166394598608
铃铛炖龙井,女,2023-05-22 04:45:24 北京时间,0,谢谢大佬让我看见景元六命！,河南,40,4,531276053,166407389040
谁能凭爱意把他拥有,女,2023-05-22 05:06:13 北京时间,0,蹲蹲好友位！,河南,40,6,386593160,166410530560
微影之刃,保密,2023-05-22 08:45:20 北京时间,0,求一个好友位[脱单doge],湖北,40,4,1979409766,166435011664
补药时间我了,保密,2023-05-22 09:36:59 北京时间,0,大佬缺人吗,广东,40,6,361075973,166441544448
御坂3519,保密,2023-05-22 10:19:38 北京时间,0,回复 @枯禅未杳眠 :已经加了，谢谢大佬，遗物的话玩的久了就有了,河南,40,6,616379314,166447711392
御坂3519,保密,2023-05-22 10:19:44 北京时间,0,回复 @御坂3519 :不用急的,河南,40,6,616379314,166447715984
北笙楠瑾,男,2023-05-22 11:02:16 北京时间,1,我白嫖党只能0+1，只能以后复刻再抽抽咯,广东,40,5,379352527,166454292224
叶水闲,男,2023-05-22 11:30:47 北京时间,0,我玩游戏，游戏竟然想掰弯我[傲娇],四川,40,6,151306084,166458681776
一叶墨影一,女,2023-05-22 12:43:03 北京时间,14,财力限制只能0+1[大哭]谁叫我大保底吃满呢,浙江,40,6,7267655,166469680272
Nihilend,保密,2023-05-22 13:53:38 北京时间,10,目前0+1，复刻必抽满，接下来除了罗刹就没想要的了，爱死景元了[脱单doge],上海,40,6,100592169,166480602144
康康-超人,保密,2023-05-22 17:16:20 北京时间,0,有品！,湖北,40,6,86130870,166509616416
越权访问的烤箱,保密,2023-05-23 05:11:54 北京时间,0,不忍打破520的赞[脱单doge],山东,40,5,545313549,166557508784
尊者无双,男,2023-05-23 07:53:26 北京时间,0,这是花了多少？[微笑],新疆,40,6,7958567,166574968672
苍白色系,保密,2023-05-23 09:12:33 北京时间,1,明明只有一个小保底的量，但却出了一个0+1，只能说将军赏识了，接下来打算等一下镜流，让师徒重逢[星星眼],黑龙江,40,6,241240138,166583754288
小妤睡不醒阿,女,2023-05-23 11:04:20 北京时间,0,大佬给个好友位！！！[委屈],黑龙江,40,5,179147599,166600027376
Eimya士郎,男,2023-05-24 08:07:38 北京时间,0,这是氪了多少，有钱人都是没人下限的吗[辣眼睛],四川,40,6,37801730,166726215936
少明客,男,2023-05-28 17:41:58 北京时间,0,大佬给个好友位[喜欢]我也是10046开头，这一定就是缘分[脱单doge],江苏,40,6,475248666,167430405584
少明客,男,2023-05-28 17:43:03 北京时间,0,回复 @少明客 :好友位满了嘤嘤嘤,江苏,40,6,475248666,167430396992
哆小啦C小梦,女,2023-06-05 04:05:56 北京时间,0,带佬[酸了],四川,40,6,336786271,168519828608
现金有点贵,男,2023-06-13 13:30:46 北京时间,0,财力有限，只能1+1了,河南,40,5,312590105,169866809200
遥望漉雪千山过,保密,2023-10-09 14:37:35 北京时间,0,大佬加我,江苏,40,5,475465688,189427728128
赤音未来,男,2023-05-21 13:23:38 北京时间,0,好的[滑稽],四川,29,6,19318109,166321635376
墨恋三宝,女,2023-05-21 13:24:04 北京时间,0,[打call][打call][打call],甘肃,29,5,1683330558,166321658080
美游の尼酱,保密,2023-05-21 13:24:15 北京时间,0,嗨嗨嗨,重庆,29,6,58652644,166321786560
-树叶儿_,男,2023-05-21 13:24:38 北京时间,0,up大大，bgm是什么呀[兔年],河北,29,6,415102314,166321806016
芙芙变成泡芙,保密,2023-05-21 13:25:03 北京时间,15,大佬做的非常好看，不过画面中的几个图片却少了一点点仙舟风格，不管是战士们的营地武器设备，讲道理来说，仙舟不应该会是这样子的，可能只是跟我想象中的有些出入吧,江西,29,4,1325850113,166321871408
芙芙变成泡芙,保密,2023-05-21 13:25:17 北京时间,0,等以后有了更多的灵感，相信一定会做得越来越好[给心心][给心心][给心心][给心心],江西,29,4,1325850113,166322002192
ID被河蟹的菊少,男,2023-05-21 13:33:43 北京时间,2,回复 @-树叶儿_ : 罚你抄写简介一百遍,上海,29,6,4757911,166323389808
Yimoli溜了溜了,保密,2023-05-21 13:42:53 北京时间,367,我刚想提一嘴，唯一的缺点就是和仙舟罗浮的场景有点不符[笑哭]作为生物学战舰，也许是没有大平原和悬崖的……,浙江,29,5,663013952,166324916736
KICHIJOU,保密,2023-05-21 13:50:37 北京时间,129,不知道官方pv做的什么，也要先刀为敬是吧[来古-呆滞],湖南,29,6,109911082,166326252272
R8bit-,保密,2023-05-21 14:08:20 北京时间,134,游戏内文本好像是说了仙舟大军聚歼镜流的，蛮想看那个场面（虽然是刀子[以闪亮之名_哎？！]），也侧面说明了魔阴身的严重性，特别是剑首级别的,广东,29,6,100719163,166329154160
悯白霜,保密,2023-05-21 14:32:40 北京时间,101,回复 @Yimoli想要日-日夜-夜 :有平原，专门给人放牧的，你可以去翻翻文本。悬崖我目前没看到文本，不好说。,河南,29,6,184730691,166333836576
苏雪见,保密,2023-05-21 14:45:18 北京时间,42,难怪画的静流和景元那么亲近。。景元背景语音里静流在他的印象中可没那么亲切啊。,广东,29,6,7456665,166336365744
非常菜的焚风指挥官,男,2023-05-21 14:46:52 北京时间,1,nb,河北,29,6,37808898,166336629264
冬哒冬哒,女,2023-05-21 15:00:20 北京时间,1,原来如此～,四川,29,6,353154783,166339313168
六枚枚硬币,男,2023-05-21 15:22:05 北京时间,4,景云的性格貌似有点不太对，目前官方展现的更多的是屑屑的模样，还会一本正经的偷偷耍赖,浙江,29,6,4859011,166343480784
_-Selene-_,女,2023-05-21 15:29:44 北京时间,33,回复 @六枚枚硬币 :年少时的心境能和现在经历了各种大是大非的心境一样吗,上海,29,5,1294966983,166344853888
鬼守AYATO,男,2023-05-21 15:51:22 北京时间,37,回复 @Yimoli想要日-日夜-夜 :其实仙舟上每个洞天都是用了空间折叠技术的，没准真有大平原的洞天,江苏,29,6,9979679,166348654080
如往昔丶枫,男,2023-05-21 17:46:24 北京时间,5,回复 @六枚枚硬币 :当上将军之后偷懒了而已，以前有镜流监督怎么可能会偷懒呢。,广东,29,6,85366719,166362249120
如往昔丶枫,男,2023-05-21 17:47:37 北京时间,8,回复 @苏雪玪 :可是终归是师父，官方PV镜流最后还笑了一下。镜流应该是很严格性格也是不苟言笑的，不过两个人在一起这么久感情总归是好的。,广东,29,6,85366719,166362322304
莫问青锋,保密,2023-05-22 08:05:53 北京时间,2,回复 @Yimoli想要日-日夜-夜 :不一定，有洞天的，真是空间远大于战舰,北京,29,5,700442727,166430635488
q墨染江山p,保密,2023-05-22 11:32:06 北京时间,4,回复 @Yimoli想要日-日夜-夜 : 有专门的放牧的平原，叫永狩原,湖南,29,6,40463922,166458771568
终生国吹,保密,2023-05-22 23:38:41 北京时间,1,回复 @苏雪玪 :你让一个统领大军的将军，对一个魔阴身在世人面前表现出亲近，那才不合理。有些事是需要放在心里不跟别人说的。,河北,29,6,178079877,166522884544
历宇文,保密,2023-05-23 01:09:54 北京时间,1,回复 @Yimoli想要日-日夜-夜 :仙舟的空间折叠技术非常的发达，游戏里仙舟吧这种技术称为福地洞天。,安徽,29,6,363205293,166529334688
巴洛托,男,2023-05-23 04:09:34 北京时间,0,可惜你发的比官方晚，然后我的眼泪都被官方抢走了，真的没有几滴多的泪水留给你了。,江苏,29,6,11036767,166548154816
曌龍曌,保密,2023-05-26 09:43:08 北京时间,2,回复 @Yimoli想要日-日夜-夜 :其实他并不是生物学战舰，他就是一个正常的，只不过是被种了一棵树而已[吃瓜]不过那棵树早就死的透透的了，不过就是新河有点bug而已,广东,29,5,1159472664,167033619264
清河骨岸,女,2023-05-27 05:16:43 北京时间,0,暗猫老师这个视频会发专栏吗，里面有几张图真的超级喜欢[大哭][大哭][大哭],浙江,29,6,8438245,167158074464
Seizedays,保密,2023-05-27 05:39:07 北京时间,0,加油加油,江苏,29,5,517137601,167161468896
沐雨hoho,保密,2023-06-06 06:26:09 北京时间,0,回复 @Yimoli想要日-日夜-夜 : 罗浮也会去别的星球，可以把草原和悬崖当做不在仙舟上，去了星球上执行任务[脱单doge],陕西,29,6,23815557,168690599312
R8bit-,保密,2024-05-19 00:26:05 北京时间,0,回复 @Bunnyparty : 既然镜流没死，那个同袍残杀的场面也太残酷了，怎么还有人给我点赞啊[笑哭],广东,29,6,100719163,222127308448
莫致,男,2023-05-21 13:49:07 北京时间,214,我的理解是，无边的夜色中，也没有明月之外的存在了，对夜色来说，明月是它的“唯一”啊,浙江,78,6,33147403,166326008864
黑訸白荼,男,2023-05-21 14:11:59 北京时间,328,"能够在黑暗中赋予他人光亮的事物，对于身陷无边黑暗中的人怎么会不温暖、不亲近呢[保卫萝卜_哭哭],【吾等云骑，如云翳障空，卫蔽仙舟】,明月也好，云翳也好，都是能遮覆无边夜色的存在啊[保卫萝卜_哭哭]",重庆,78,6,230969850,166329934976
明河影,保密,2023-05-21 14:15:01 北京时间,430,此时相望不相闻，愿逐月华流照君。,四川,78,5,441138982,166330386592
ohyeeeeeeeah,女,2023-05-21 14:39:32 北京时间,1062,"这一句远近感把握得太神了，月亮离人千百余里，但你每每抬头，她又总是在你身边，那一丝微凉的月光一如既往，何处春江无月明,而他却不得不斩下那轮浑浊的月亮[大哭]",上海,78,6,316338406,166335245248
今夕_ling,女,2023-05-21 14:44:13 北京时间,822,前面一半是镜流对景元的态度，后一半是景元对镜流的态度，明月最不亲近与人但在景元心里师傅这轮高高在上的明月是他所最亲近的事物，这句话初看矛盾，但就是这种对比矛盾感更能凸显景元对镜流的感情，mhy这句语音确实搞的很好,福建,78,5,1087191241,166336251184
黎明前兆,男,2023-05-21 14:59:11 北京时间,393,"回复 @今夕_ling :我看青山多妩媚,料青山见我应如是。或许镜流也是如此所想，否则景元是不会如此认为的。有的人传达自己的情感像太阳，直接、温暖，有的人表达自己的情感像月亮，含蓄、沉默，但是爱是一样存在的。",海南,78,6,21939609,166339150288
今夕_ling,女,2023-05-21 15:09:17 北京时间,312,回复 @黎明前兆 :卡密，太会说了!我对镜流的看法就是她是不善于表达自己感情的人，看上去如同月亮一般难以亲近，她的感情只是沉默而非没有，她所要想表达的情感无法完整的传达给景元，但景元感受到那些细微的情感，所以这真的是太感人[大哭],福建,78,5,1087191241,166341089520
轻歌静月,男,2023-05-21 15:13:39 北京时间,82,回复 @肯定中不了奖的对吧 :有没有一种可能，翻译不出来（）,浙江,78,6,2489899,166342009168
碧清皎洁,男,2023-05-21 15:14:36 北京时间,26,回复 @肯定中不了奖的对吧 :可能英文翻译错误。,四川,78,6,260160648,166341992320
黎明前兆,男,2023-05-21 15:15:01 北京时间,118,回复 @肯定中不了奖的对吧 :虽然但是，这是中国游戏，优先以我们的文本为理解根基,海南,78,6,21939609,166342254400
今夕_ling,女,2023-05-21 15:15:02 北京时间,93,回复 @肯定中不了奖的对吧 :……但这是中国游戏，看一个英文文本，你觉得这类优美的句子意思能完完整整传达到英文上吗？,福建,78,5,1087191241,166342143120
月下奇谭此花亭,保密,2023-05-21 15:20:32 北京时间,30,于夜色中，唯有沉默,河南,78,6,35645379,166343167216
原神肝疼,保密,2023-05-21 15:25:03 北京时间,141,"对星铁文案我最喜欢的是那句帝弓莫回首，可以说完美诠释了仙舟的现状，人与星神，个体与文明之间的关系。,最经典的是诠释了英雄和文明的关系，一个需要英雄的文明是可悲的，因为需要个体去打破文明的困境，同时一个拥有英雄的文明又是值得赞颂的，因为这个文明拥有英雄能够诞生的精神力量和土壤。前几天自学马哲，看到这计划是真的感觉感慨颇丰",德国,78,6,354589946,166344055600
为遇见你伏笔灬,保密,2023-05-21 15:26:02 北京时间,58,回复 @肯定中不了奖的对吧 :你为什么看中文还要去结合英文翻译来理解？本末倒置了属于是,浙江,78,6,12102146,166344148688
想vg的9shadow,保密,2023-05-21 15:26:52 北京时间,49,回复 @肯定中不了奖的对吧 :原神英文文本魈人设都变味了……中国游戏当然以中文为准,安徽,78,6,629077319,166344483392
尼穆尼亩,保密,2023-05-21 15:31:37 北京时间,1,神评,湖北,78,6,54218402,166345239488
小萱Lan,女,2023-05-21 15:31:51 北京时间,7,回复 @今夕_ling :我理解你的意思，但既然英文文本如此写了，是否可以理解为文本编剧还是意在把这句话引向因人而异的地方（我并未否定中文文本，只是单纯讨论这句话，我也很喜欢中文文本的描述，非挑起争端）,四川,78,5,397183479,166345193520
黎明前兆,男,2023-05-21 15:45:10 北京时间,70,"回复 @肯定中不了奖的对吧 : 单纯讨论这句话的话，是不可能存在多重理解的。这么说吧，我一字一句来分析，看看你是否认同吧。,“她教我研习剑技，却始终未能与我亲近一些。”单论这句话，其实很明显是一种说明镜流与景元的“疏远”关系。这没有问题，很容易看出来。可重点在后半句，景元在这里用的是“【但】无边的月色中，哪有比始终当空的明月，更亲近人的存在呢？”，这个“但”显然就是对表面上那种“疏远”关系的反驳，至少在景元看来，镜流与他绝不是这种疏远的关系，否则他不会用“但”之一字",海南,78,6,21939609,166347506224
急死失眠的狗狗w,女,2023-05-21 15:46:18 北京时间,34,回复 @肯定中不了奖的对吧 :有没有可能是理解错误？就像当初造谣归钟和钟离一样，外网那边翻译有些歧义所以就有很多人以为归钟喜欢帝君...而且文化理念不同国外对将军这一类大多为武将像这种能文能武的认知较少，所以又有很多人认为帝君是莽夫...[跪了],山东,78,6,34961944,166347803472
黎明前兆,男,2023-05-21 15:48:47 北京时间,71,回复 @肯定中不了奖的对吧 : 最终表达的意思便是：我的师父虽然看起来并不亲近我，但我知道的，她在用她自己的方式，如皎皎明月一般关爱、呵护着我。,海南,78,6,21939609,166348257616
小萱Lan,女,2023-05-21 15:54:42 北京时间,9,回复 @黎明前兆 :谢谢你的耐心解释，这个确实是符合景元人设以及他背景故事的翻译，负责外文翻译的文案那边可能是认为外国人理解不了这种感情，因此才如此写道[脱单doge],四川,78,5,397183479,166349286464
黎明前兆,男,2023-05-21 15:56:30 北京时间,3,回复 @肯定中不了奖的对吧 :如果真的如你所说，就不是方便外国人理解的问题了，而是翻译失误的问题了，你可以反馈一下，说不定能拿星琼奖励呢[脱单doge],海南,78,6,21939609,166349478160
欧尼酱的咕啾,女,2023-05-21 16:01:34 北京时间,7,回复 @肯定中不了奖的对吧 :我觉得可以反馈这种文案不对应，说不定是审核错漏，能拿星琼呢！,福建,78,6,41627943,166350344496
逢坂家的璎珞藤,保密,2023-05-21 16:18:36 北京时间,2,太妙了,陕西,78,6,631849884,166352798096
午后女孩,女,2023-05-21 16:42:09 北京时间,5,鸿雁长飞光不度。。。,广东,78,6,258483415,166355976368
嫄箐,保密,2023-05-21 17:07:27 北京时间,7,明月虽远，却不会消失不见，虽不可触及，却久久陪伴，唉,四川,78,6,435802419,166358771728
你的元卿,女,2023-05-21 17:34:50 北京时间,1,回复 @肯定中不了奖的对吧 :那英文这个意思也不通顺呀,广东,78,6,59742946,166361260448
一只小空白_,保密,2023-05-21 18:01:31 北京时间,6,感觉有点憧憬的味道在里头,陕西,78,6,112859194,166363182944
夭绯妖,保密,2023-05-21 18:50:03 北京时间,3,在无边的夜色中，月亮会为你照亮前路,山东,78,6,379378030,166365959440
龙眀玉,男,2023-05-21 19:02:50 北京时间,0,中秋？,福建,78,6,22588495,166366641344
練習習習,保密,2023-05-21 19:39:22 北京时间,1,哇没看到你这条评论我都没发现自己和大家的理解有点区别[捂眼]，我看到这句话后脑子里浮现的场景是在夜空下，镜流指导景元练剑，景元想亲近师父但此时此刻千里之外的月亮都比师父平易近人,广东,78,6,366879491,166367757952
天堂的幻想乡,保密,2023-05-21 21:20:23 北京时间,4,虽然但是米忽悠的文案一直都很强啊。不过崩三前九章剧情没什么记忆点，对文案的印象很模糊。,广东,78,6,364880005,166370220032
音次,女,2023-05-21 23:00:37 北京时间,7,玩了米哈游的游戏后，已经不知道添了多少这种对月亮产生的感情了,加拿大,78,6,492806046,166373004016
惊鸿映雪,女,2023-05-21 23:37:15 北京时间,5,镜流可能只是想让景元对魔阴身的自己下手时不迟疑吧？毕竟双方实力自己清楚，倘若迟疑在同等水平下是大患，这可能也是来着景元师傅笨拙的爱吧？那以后景元魔阴身，彦卿是否有能力击败景元呢？景元说过的彦卿定然能超越自己，剑技会登峰造极。,湖北,78,6,266570785,166374906656
壳子哩,保密,2023-05-22 00:33:13 北京时间,5,"回复 @肯定中不了奖的对吧 :She taught me the skills with a black， but we never became close... &#34;sigh* in an endless night, there is nothfig closer than the bright moon，always hanging in theisky.我看英文文本是这个啊，翻译和中文差不多",山西,78,6,12931261,166378513456
黎明前兆,男,2023-05-22 00:49:22 北京时间,6,回复 @練習習習 :主要是“但”这个字建立了因果关系，如果没这个但字，确实有可能是你的理解。可有这个但字，就代表前后文存在转折关系，前文既然是不亲近表象，那么后文必然是表达亲近事实的。,海南,78,6,21939609,166379935440
黎明前兆,男,2023-05-22 00:54:24 北京时间,5,回复 @惊鸿映雪 :我看与迟疑无关。难道景元就想彦卿对自己手下留情嘛？不照样跟彦卿情同父子嘛。到那个时候，后辈自然能做出正确的选择，这是师父对徒弟的信任。正如我所说的，每个人表达感情的方式是不同的，或是直接或是间接，或是炽热或是冷淡，但这份爱一定存在。,海南,78,6,21939609,166380335488
黎明前兆,男,2023-05-22 00:59:17 北京时间,9,回复 @練習習習 :当然如果你看过素裳对于镜流的评价，应该会更容易联想理解。因为镜流曾被称为“月光一线，九百生灭”，这是形容她的剑术，因此镜流是天生有月亮这个意象在的,海南,78,6,21939609,166380654480
小萱Lan,女,2023-05-22 01:03:47 北京时间,2,"回复 @壳子哩 :我看到的原文本是这个，She was the one who taught me how to use a sword， but we were never really that close... Yet in the boundless night， who could be closer to her than the bright moon that is always in the sky?,可能上线后更改过了，无所谓了，我玩的中文版[脱单doge]",四川,78,5,397183479,166381040512
壳子哩,保密,2023-05-22 01:04:58 北京时间,3,回复 @肯定中不了奖的对吧 :嗐可能是[doge]我刚才好奇所以把游戏里的英文调出来看了一下发现和中文差不多，估计是它改过了吧,山西,78,6,12931261,166381082480
执剑临风,保密,2023-05-22 03:13:17 北京时间,8,我也这么想，推荐大家仔细去听这句的语音，你会发现这句配音也很有意思。前半句温暖，到“无边夜色”的时候，语气就变冷，话尾甚至配吞进去一点，我觉得景元对师傅的态度绝对还有值得深挖的点。,上海,78,6,173906277,166394298432
胡不归园将芜,男,2023-05-22 05:07:51 北京时间,3,镜台不顾人间乐，流光却撒万里孤,海南,78,6,11375329,166410883616
不是时常,保密,2023-05-22 05:25:18 北京时间,3,当时看到这句描述想起了春江花月夜……一代代的人望着一代代的月，永恒的月永恒地望着永恒的人，怨月孤冷，而月只是在那里,广东,78,6,344375918,166413199008
鲁西欧,保密,2023-05-22 05:42:39 北京时间,2,知道自己最终会堕入魔阴身，如何还能亲近呢,广西,78,6,21851003,166415425760
我一定会中奖ccc,保密,2023-05-22 07:10:17 北京时间,1,回复 @肯定中不了奖的对吧 : 有没有一种可能，这是中国游戏？,广西,78,6,3491169,166424920272
小萱Lan,女,2023-05-22 07:11:53 北京时间,0,回复 @经年待歌 :有没有可能，我们已经讨论完了[脱单doge][吃瓜],四川,78,5,397183479,166425006352
黎明前兆,男,2023-05-22 07:31:30 北京时间,0,回复 @鲁西欧 :所以景元难道跟彦卿不亲嘛[脱单doge]就算会堕入魔阴身，该亲近的还是会亲近，只是不同的人，亲近的方式方法各有不同,海南,78,6,21939609,166427054048
黎明前兆,男,2023-05-22 07:33:26 北京时间,2,回复 @不是时常 :但月亮就是用这样的方式亲近着它爱的人[保佑],海南,78,6,21939609,166427287936
_-Selene-_,女,2023-05-22 08:28:00 北京时间,3,回复 @执剑临风 :可能景元和立雪对符华的心态有点像？他要的亲近是能真正走进师父心里,上海,78,5,1294966983,166433147168
Nanaleaf77,女,2023-05-22 08:59:23 北京时间,11,"我小时候每逢晚上出门散步或是去亲戚家的路上都会下意识抬头看看月亮，甚至是一边走一边看着，觉得月亮是一直在默默跟着自己，于是心中就有一种陌生的亲近感。,虽然月亮从未和我有过什么交流，但她也总是在天边接受我久久的凝望，那时的我就打心底认为月亮也是我的朋友，从来都不觉得她孤傲清冷。,就像隔壁原神卡维故事里说的那样，亲情不一定要表达，只要让人感觉到它存在就行。我觉得景元这一句也抱着差不多的看法，所以一直认同这个想法的我反而没有意识到这里文案的妙处，该说是哭笑不得嘛[笑哭]",福建,78,5,1064798817,166436638720
我不是呱,保密,2023-05-22 14:22:01 北京时间,2,回复 @練習習習 :哈哈哈[doge]镜流一看就是冰美人,江西,78,5,442967543,166485371520
KUNGQqqqq,保密,2023-05-23 01:35:16 北京时间,8,说白了，师父是将军的白月光啊[大哭],湖南,78,5,563137799,166531552528
个群了,保密,2023-05-23 09:56:43 北京时间,0,这段话在游戏哪里看到的,内蒙古,78,5,477821391,166589664480
黎明前兆,男,2023-05-23 11:26:06 北京时间,1,回复 @个群了 :景元的个人语音,海南,78,6,21939609,166603379488
neigastre,保密,2023-05-24 12:24:12 北京时间,3,此时相望不相闻，愿逐月华流照君。上一个念完这句诗并且把师父比喻成月亮的，被他师父杀了（）所以看到景元这么比喻，感觉很微妙（）,浙江,78,6,339726,166761642352
_-Selene-_,女,2023-05-24 16:45:46 北京时间,0,回复 @neigastre :哪对师徒？细嗦,上海,78,5,1294966983,166801247456
neigastre,保密,2023-05-25 00:21:41 北京时间,0,回复 @_-Selene-_ :古剑奇谭二的沈夜和谢衣(),江苏,78,6,339726,166820620160
_玉_石_页_,保密,2023-05-25 02:13:16 北京时间,1,"海上生明月，天涯共此时。情人怨遥夜，竟夕起相思。灭烛怜光满，披衣觉露滋。不堪盈手赠，还寝梦佳期。,春风又绿江南岸，明月何时照我还？,雀食[OK]",湖北,78,5,1371204506,166830981040
星空色茶杯,保密,2023-05-25 13:19:27 北京时间,3,回复 @枫红月白 :冒昧问一下是哪个任务的啊？主线过完了但是没有看到景元和他师傅的故事,广东,78,5,619336859,166917173600
亲亲果果么么哒,保密,2023-05-25 13:25:48 北京时间,0,回复 @星空色茶杯 : 是景元个人背景故事,江苏,78,6,17820076,166918138928
滚灯,保密,2023-05-25 13:35:11 北京时间,0,回复 @星空色茶杯 :景元角色语音啊,湖北,78,6,57882516,166919682112
星空色茶杯,保密,2023-05-25 13:41:40 北京时间,0,回复 @枫红月白 :好的，谢谢！,广东,78,5,619336859,166920585552
星空色茶杯,保密,2023-05-25 13:41:48 北京时间,0,回复 @亲亲果果么么哒 :谢谢[保卫萝卜_哇]！,广东,78,5,619336859,166920727664
东西34,女,2023-05-27 10:34:37 北京时间,3,不知江月待何人,湖南,78,5,495081789,167201997152
洛羽枫,保密,2023-05-29 00:28:32 北京时间,3,回复 @枫红月白 :活这么久会两句诗怎么了[doge],北京,78,6,435425025,167445186272
空心结衣,女,2023-05-31 12:03:13 北京时间,2,是的这文案真的很棒，也希望有些人不要一天到晚就是看到个亲近就造谣是一对然后出警了[灵魂出窍],安徽,78,6,5681915,167827959488
理智已清空,保密,2023-06-23 03:41:58 北京时间,0,想到李白的举杯邀明月，想到莫言的月亮默默注视,重庆,78,5,282524632,171311933264
向日葵与桑芙拉,保密,2023-07-18 13:38:22 北京时间,0,回复 @只对影宝一心一意 :毕竟一身本事都是师父教的,山东,78,6,15507101,175728984560
KUNGQqqqq,保密,2023-07-21 13:50:45 北京时间,0,回复 @汵清雪 :是这样的，彦卿同行最后提到师父将军都沉默了,海南,78,5,563137799,176283979760
嗑林塞让人尸斑变淡,保密,2023-07-21 16:45:26 北京时间,1,说得好好，我看的时候反倒想的是将军是不是用了曲笔，按景元的性格他不可能指代明月是自己，所以说明月指的是镜流，表面上是说明月亲近自己，其实是自己亲近明月。但是你这个解读更好，同时把镜流的性格，两者的关系还有景元对老师的感情依赖都说出来了,广东,78,5,588124083,176314027632
尿素指尖,男,2023-07-22 17:20:54 北京时间,2,同意，这里是一个比较级，明月在夜色中是最亲近的存在，说明景元和镜流至少还是比景元认识的其他人更亲近的[支持],广西,78,4,3494381235472843,176500266608
向日葵与桑芙拉,保密,2023-08-10 14:17:52 北京时间,2,从这句话就能看出来景元对镜流的情感的深厚,山东,78,6,15507101,180170567696
-涵-子-,男,2023-09-19 15:53:56 北京时间,0,月亮不总是孤寒的，这么说不太准确了。比如但愿人长久 千里共婵娟，类似的应用不少,陕西,78,6,333120610,186638906832
黎明前兆,男,2023-09-19 16:24:50 北京时间,1,"回复 @不想上班的涵子 :苏轼在写“但愿人长久”之前也说“我欲乘风归去,又恐琼楼玉宇,高处不胜寒。”也有“人有悲欢离合，月有阴晴圆缺，此事古难全。”他绝没有否认月亮的寒冷和凄清，所以他要回到人间，回到远离月亮的地上，这样才能感受到人情之温暖，用以抵抗蟾宫的孤寒。",海南,78,6,21939609,186642550208
黎明前兆,男,2023-09-19 16:27:13 北京时间,0,回复 @不想上班的涵子 :如果单独拎出来理解，那就是落入下乘了。我说的也只是“往往”，而不是“全部”，当然有与众不同的温馨、情趣的月之诗句，但那不是主流意象。,海南,78,6,21939609,186642973360
昙花雪月,女,2023-10-21 02:47:45 北京时间,0,回覆 @折镜与泡芙 :所以不會是愛情吧[tv_疑问],中国台湾,78,5,622047954,190946098032
bili_437772285,保密,2023-10-27 04:39:35 北京时间,0,高天孤月.jpg,吉林,78,6,437772285,191777337952
母体,保密,2024-04-21 13:01:17 北京时间,0,@-Mr-Fish-,上海,78,6,8272112,217922777840
明子言QS,保密,2023-05-21 13:43:11 北京时间,53,景元小手不太干净，带坏徒弟[doge],重庆,14,5,226685240,166324933424
江望柳,保密,2023-05-21 14:50:12 北京时间,51,景元偷的自己棋,黑龙江,14,5,1243994338,166337442000
明敏秘密茗,保密,2023-05-21 15:25:49 北京时间,181,景元偷的是自己的车来着，应该是让着彦卿吧,广东,14,5,270590600,166344261392
冷小星OvO,保密,2023-05-21 22:17:06 北京时间,30,所以景元让他忘掉[doge],广东,14,5,433560921,166371501040
查水表啦,保密,2023-05-21 22:23:48 北京时间,943,回复 @明弟密 :不是，他俩马上要和棋了，景元看出来没必要再下，把自己的车拿走下了个枫叶，相当于连走了两步。寓意是有星穹列车的奇兵，能帮自己破局,辽宁,14,6,1983636,166371733008
斗士永不言败,保密,2023-05-21 23:58:17 北京时间,24,回复 @查水表啦 :厉害了[OK],河北,14,5,355950196,166376098400
剑客伍六七,男,2023-05-22 04:45:26 北京时间,365,回复 @明弟密 :景元和彦卿的残局是有名堂的，叫长生不老，两边都赢不了。,江苏,14,6,15554844,166407390816
一直保底の屑旅长,保密,2023-05-23 04:21:36 北京时间,513,"回复 @查水表啦 :残局名“长生不死”，胜负为和。黑子去車则负。景元执黑子。,  景元立绘坐着一张棋盘，坐的位置就是黑車。所以这黑車也代表景元自己。自星历7830年镜流坠入魔阴到如今已经七百余载。而仙舟人在七百岁后坠入魔阴的概率会大幅提高。所以景元偷車换树叶有两种含义。,  景元自知可能无法走到最后（堕入魔阴），于是安排自己提前退场。让奇兵也就是列车组入场代替自己。同时也象征着景元自己的结局。即堕入魔阴：魔阴身的一大特征就是长满树枝。黑車变树枝暗示的也是这个。",广东,14,6,440121361,166549970272
一直保底の屑旅长,保密,2023-05-23 04:30:26 北京时间,40,回复 @一直保底の屑旅长 :自我纠错一下，镜流坠入魔阴是7380而不是7830。我打字打快了。,广东,14,6,440121361,166551391568
枫浛,保密,2023-06-07 12:26:07 北京时间,39,回复 @一直保底の屑旅长 :完了完了，彦卿的专武上有树枝啊[委屈],广东,14,5,2110413037,168898024544
云深mmmmm,保密,2023-06-11 01:00:48 北京时间,2,回复 @一直保底の屑旅长 :啊…大刀[大哭],北京,14,6,268893725,169451932512
_Rosmarino,保密,2023-06-28 17:09:38 北京时间,0,看到你这马上流出来的眼泪突然没了[微笑],古巴,14,4,3493287325338520,172244502544
鹰羽辰龙,保密,2023-07-05 11:49:05 北京时间,6,回复 @一直保底の屑旅长 :我擦拿显微镜玩游戏,黑龙江,14,2,1487802306,173368164816
萌新哟,保密,2023-08-25 08:14:14 北京时间,5,回复 @查水表啦 : 现在知道了，枫叶是丹恒开大,山西,14,5,485075903,182889030080
fun6summer,保密,2023-05-23 13:59:51 北京时间,2,捞,广东,13,5,21025991,166627400224
DonoTbeafraidX,保密,2023-05-23 15:31:11 北京时间,10,捉帕姆,辽宁,13,6,32967592,166642923328
_-Selene-_,女,2023-05-23 16:02:04 北京时间,2,捉！,上海,13,5,1294966983,166647785584
阿凉今天也要元气满满,保密,2023-05-24 01:51:32 北京时间,7,帕姆你好沉[脱单doge],上海,13,6,22641968,166681277440
朱颜z辞镜,保密,2023-05-24 22:50:28 北京时间,2,是帕姆[星星眼],四川,13,5,358845936,166815627776
浅夏丶恋梦,保密,2023-05-26 03:49:46 北京时间,3,大师球,上海,13,5,167960029,166989367168
扣扣people,保密,2023-05-27 04:28:22 北京时间,2,捉,福建,13,4,3461569732151604,167150361232
拾海沉月,女,2023-05-27 14:03:24 北京时间,6,帕姆你胖了，捞不动,浙江,13,4,2108897926,167235476640
落叶归柊,保密,2023-05-29 14:49:13 北京时间,31,啊哈发现了什么，阿基维利家的毛绒玩具,河北,13,4,1958187928,167555653168
永之姻缘,保密,2023-06-03 03:31:11 北京时间,2,这下压力给到官方了,湖南,13,4,1659299918,168207108576
飞雷神送外卖送啥都快,男,2023-06-06 15:13:42 北京时间,0,捉！！,河南,13,5,689985645,168768604880
渺渺聿怀,保密,2023-06-08 12:38:22 北京时间,1,ruarua列车长的耳朵[保卫萝卜_哇],陕西,13,6,35843929,169059206480
亚当混日子,男,2023-06-10 08:58:59 北京时间,0,抓,黑龙江,13,5,1804127809,169352531088
有很多主人的好狗狗,保密,2023-05-21 14:34:02 北京时间,265,逍遥先生的回信里，说是三千多呢后收到的信，写信的人是他祖父，说逍遥先生三千年前和现在不一样了（劝祖父跑） 说明仙舟人如果没有磨阴身可以活不止千年,吉林,33,6,296877665,166334174992
有很多主人的好狗狗,保密,2023-05-21 14:34:33 北京时间,51,也就是说心态好（自己理解的）也不一定千年以内就入磨阴,吉林,33,6,296877665,166334210000
暴枣鸡翅侠,保密,2023-05-21 14:35:37 北京时间,2,感谢长评让我了解了好多，更爱景元了[大哭][大哭][大哭],四川,33,5,402312297,166334506640
东海行云,男,2023-05-21 14:42:20 北京时间,26,但是pv里景元不是还小吗，这么小就要出征了？,浙江,33,6,801739,166335749200
碎碎芝士芋泥,保密,2023-05-21 14:46:03 北京时间,32,第一次出征他是后勤兵，估计就是因为看年纪小吧hhh,上海,33,6,323632813,166336470528
星之彩xzc,保密,2023-05-21 15:09:13 北京时间,76,回复 @东海行云 :只是模样看着小，应该已经几十岁了吧，他们是长生种,北京,33,6,152959856,166341084896
核岛快乐水,保密,2023-05-21 15:44:58 北京时间,181,景元在将军里面算活的长的了，游戏里面有文本说将军都比较短命来着，上任百年就会凉，但是景元打破了百年就凉的传统，可能是因为他热爱摸鱼？[滑稽],天津,33,5,473713543,166347495984
DonoTbeafraidX,保密,2023-05-21 16:08:26 北京时间,1,说的好好[委屈],辽宁,33,6,32967592,166351261376
关于陈生生的一切,保密,2023-05-21 16:34:10 北京时间,45,回复 @东海行云 :仙舟人两百岁才成年，长得很慢，而且长成之后就不老了。,河南,33,6,269444138,166355062192
求索真理的历程,女,2023-05-21 17:03:56 北京时间,61,回复 @东海行云 :PV应该是有独立发挥的点的，游戏内文案写的是景元毕业后觉得遵循家族传统人生一眼望到头，所以选择参加云骑军，展露头角后才受镜流邀请加入云上五骁，按道理来说他成为镜流徒弟的时候已经成年了，除非是镜流先教他剑术他再入的伍。,湖南,33,6,360348355,166358428848
落翊陌月,女,2023-05-21 17:21:26 北京时间,22,感觉应该在那之前他就是镜流的徒弟，但是在那之后他的能力才被认可，师父才让他加入，成为云上五骁,广东,33,5,293999684,166359988784
常乐司命阿哈,保密,2023-05-21 17:32:34 北京时间,7,回复 @求索真理的历程 :仙舟250岁才成年,江西,33,5,350389670,166361031040
扶尘入镜,保密,2023-05-21 17:54:39 北京时间,15,云上五骁里面有一个狐人，按正常情况早就死了…齐聚基本上不可能[tv_思考],广东,33,6,33810237,166362759008
PSSF23,男,2023-05-21 20:08:44 北京时间,16,回复 @求索真理的历程 : 学宫结业可以很早的，就像私塾一样。他加入云骑的时候可能就和彦卿差不多大。,美国,33,6,18895629,166368735952
茶籽柚子,保密,2023-05-21 20:08:49 北京时间,61,回复 @核岛快乐水 :心态好，想的开，就不容易堕魔阴身，云骑军比一般人更容易堕魔阴，可能也是因为这点，战场后遗症,上海,33,6,348828,166368681024
PSSF23,男,2023-05-21 20:10:12 北京时间,33,回复 @落翊陌月 : 云上五骁是传说不是位置，是因为他们五个才有的这个称谓。我也觉得是先收徒再入部。,美国,33,6,18895629,166368637680
冷小星OvO,保密,2023-05-21 22:15:49 北京时间,2,感觉罗刹应该是丰饶令使（或者是有药师的力量赐福什么的）有可能可以让魔阴身恢复,广东,33,5,433560921,166371487936
Sx翛,保密,2023-05-22 01:38:52 北京时间,15,刃就是云上五骁之一，那幅云上五骁图里有他，同时还有丹恒，镜流，景元，和一个不知道叫啥的狐人姐姐,安徽,33,5,435499922,166384275920
渚汐白,保密,2023-05-22 02:45:38 北京时间,10,回复 @核岛快乐水 :也可能是上任年龄小，别的将军可能是都几百岁了才磨到资历混上将军，景元年少成名，一百来岁就成了将军，所以活得更久些。,安徽,33,6,513875949,166391296208
阿尔托莉雅如是说,保密,2023-05-22 03:41:55 北京时间,5,回复 @东海行云 :类似小兵张嘎吧，年龄小可以不用出征，但自愿出征，用自己力所能及的办法帮助出征的人。,山东,33,6,321839035,166397932816
蒙毅之,保密,2023-05-22 03:52:43 北京时间,4,普通人活个千年估计总能碰到奇怪的情况，可能都经历过自己的传说任务，但到了云上五骁这种，估计视传说任务如家常便饭[笑哭][笑哭][笑哭][喜极而泣][大哭],湖北,33,6,88875876,166399295648
蒙毅之,保密,2023-05-22 03:56:10 北京时间,6,回复 @冷小星OvO :想多了，一个令使对于仙舟也不算什么，想请总是能请到的，想培养也是有可能的，如果真有用，也不用再受这苦了，罗刹能恢复，那他下不了船[笑哭][笑哭][笑哭][喜极而泣][大哭],湖北,33,6,88875876,166399652016
不是时常,保密,2023-05-22 05:27:51 北京时间,1,回复 @东海行云 :仙舟看着像小孩的，说不准比短生种大多少岁数(,广东,33,6,344375918,166413504864
莫问青锋,保密,2023-05-22 08:10:20 北京时间,2,回复 @有很多主人的好狗狗 :但是当云骑打仗会极大提前堕入魔阴身的年限,北京,33,5,700442727,166431281712
正眼乃构,男,2023-05-22 11:25:25 北京时间,4,十三奇功，前任剑首，触犯天律而被抹去了存在，彦卿60级的侧面介绍,湖南,33,5,32085,166457924848
奇怪の闪闪增加了,男,2023-05-27 07:53:14 北京时间,1,这么说景元还是个小孩子模样就步步高升遇上镜流了吗,广东,33,6,298366854,167179141328
齐不下雨了,保密,2023-06-08 11:01:53 北京时间,0,98,河北,33,6,366641718,169043819648
爱莉希雅来咯,男,2023-07-13 17:27:11 北京时间,3,镜流和景元的年纪 犹如现在景元彦卿 谁也不知道镜流当初是否也是亲手手刃了自己的恩师 对于镜流这般强大又年长的人 见惯了生死和结局 景元是天纵奇才 培养景元 何尝不是培养一个能压得住暴走的自己又能镇守一方的后辈呢[大哭]景元从坐上将军直到现在 前辈们都早已堕入魔阴身 他是否也早就想好了自己的终点 比如列车组的到来,韩国,33,6,145023527,174844839424
凌烟-无限重名中,保密,2023-07-31 03:41:08 北京时间,2,回复 @落翊陌月 :没，边角的卷轴里面写的，景元是先出头之后才被人关注到的，但他行事太过出格让上层的人都很头疼，这时候镜流才出面收他为徒的。,湖北,33,5,521468976,178089614208
夢のように幻のように,保密,2023-07-31 16:59:34 北京时间,2,在我看来，魔阴身就是一次没有尸体的死亡，那具依旧站着的躯壳里，已经不是原来那个人了，他或许还会有以前的记忆，或许还会叫原来的名字，但那只是临死之人的怨愤与执妄了,四川,33,5,495654245,178235211312
i忆琪,男,2023-08-03 09:08:32 北京时间,0,我总觉得景元会给彦卿和符玄上最后一课[tv_难过]但静流已经有主自意识了，那应该是有解决方法了。,山东,33,6,289336914,178740190176
NEITHRE,保密,2023-09-05 14:12:19 北京时间,5,我坐时光机回来了，罗刹棺材里装的是不是镜流另说，他俩居然真的是一伙的,广东,33,6,14470620,184691183120
红莲蚀日,保密,2023-11-05 12:41:20 北京时间,3,别的仙舟都是一将军、一剑首、一龙尊（除了元帅那边），罗浮只有神策将军景元。,广东,33,6,7422387,193119679648
黑訸白荼,男,2023-05-21 13:14:54 北京时间,384,说不定景元不是镜流的第一个徒弟，说不定她曾因魔阴身斩旧徒于剑下[tv_思考],重庆,28,6,230969850,166320212560
流失的萤火,保密,2023-05-21 13:25:26 北京时间,117,回复 @黑訸白荼 :你是懂米哈游的[热],江西,28,5,3493076593019540,166322009888
下去沉淀丶,男,2023-05-21 13:26:37 北京时间,161,回复 @黑訸白荼 :。。。大哥，若是堕入魔阴身还能复原，巡猎何必煞费苦心的拎着弓到处追杀丰饶余孽，你当感冒呢,福建,28,6,18345659,166322183872
域传C,男,2023-05-21 13:33:18 北京时间,112,"回复 @愚人众十三执行官 :徒儿变成魔阴神啊,而且巡猎杀丰饶，不止是因为这一点而已,变魔阴身的条件貌似和情绪有关系，不是必然的，理论上有可以到死都没变，但这个概率或许和180抽才出角色一样小",四川,28,6,44521267,166323366272
下去沉淀丶,男,2023-05-21 13:36:50 北京时间,32,回复 @域传C :徒儿一般来说更不可能，除非她收了一个年纪比她大很多的徒弟，因为魔阴身有限制，年过七百还是八百才会堕入魔阴身，镜流就是到年纪了，算算时间，其实景元也快了,福建,28,6,18345659,166323828000
黑訸白荼,男,2023-05-21 13:39:24 北京时间,85,回复 @愚人众十三执行官 :你了解一下隔壁符华的经历就明白了，镜流景元的师徒关系有点类似符华和程立雪（师徒关系不是很亲近）而符华之所以对程立雪冷淡就是因为和以前亲密的旧徒发生过生死冲突，镜流在教景元之前说不定就曾被堕入魔阴身的徒弟/朋友/熟人背刺过，所以对景元不是很亲近[崩坏3_路过],重庆,28,6,230969850,166324402928
我的被被呢,女,2023-05-21 13:47:41 北京时间,7,魔阴身若能救回来，那初期刚刚变化魔阴身的端倪，直接救师父，就不会发展到现在。,广西,28,6,31866046,166325662256
域传C,男,2023-05-21 13:52:27 北京时间,20,"回复 @愚人众十三执行官 :那就不是徒弟，是亲人，战友之类的都可以,我说徒弟，是因为你回复那人是这样假设的，如果这个假设不成立，那就换其他人堕入魔阴身,境流活了这么久，且身居高位，不可能没有遇见过战友，亲人好友坠入魔阴身的情况,而且魔阴身的年龄限制不是绝对，还是有几率不会堕入的,我甚至有个猜测，说不定仙舟领袖华，早就超出了这个年龄,或许主角团离开仙舟前，会因为各种原因消除仙舟人的魔阴身也说不定，就像在须弥消除魔麟病一样,星神的恩赐，应该也是可以去掉的",四川,28,6,44521267,166326566464
桂远子,男,2023-05-21 14:51:54 北京时间,11,回复 @黑訸白荼 :你说的对！但是，立雪只能陪您到这了。中间忘了，后面忘了,江苏,28,6,208956306,166337645024
慕容折夏,保密,2023-05-21 15:01:19 北京时间,2,回复 @愚人众十三执行官 : ？没看懂好好看看行不行,江西,28,5,1606943383,166339537536
無酩芝士,男,2023-05-21 16:26:57 北京时间,3,回复 @黑訸白荼 :说不定镜流就斩过自己的师傅，明白一切都是因果循环[doge],湖北,28,5,1027127693,166354087440
下去沉淀丶,男,2023-05-21 16:31:22 北京时间,5,回复 @黑訸白荼 :我知道，我自己玩过崩三，问题是符华是被那些逆徒背刺导致不敢轻易收徒弟，镜流对景元冷淡有没有一种可能，她曾经也斩杀了她的师傅，因为感情深厚没有第一时间下死手导致了严重的后果，所以她培养景元就是为了某一天自己堕入魔阴身景元下手能利索点！[吃瓜][吃瓜],福建,28,6,18345659,166354612928
被幸福包围的珂朵莉,男,2023-05-21 17:52:59 北京时间,10,回复 @愚人众十三执行官 :首先剧情里面虽然说800岁后容易入魔，但不是必定入魔知道吗，也不一定要800岁才入魔！这里面药师的教徒都有，但是有没有别的徒弟不好说，但怕景元下不了手估计是真的，pv景元砍他师傅的时候化白光那一刻，师傅的嘴角上扬了，说不定那一刻师傅是欣慰的！,广东,28,6,92477770,166362676944
改个名字就中奖ccc,保密,2023-05-21 23:55:26 北京时间,3,回复 @愚人众十三执行官 :他是年龄越大约可能魔阴身，又不是卡点到某个年龄必得魔阴身，完全可能镜流存在另一个徒弟先魔阴身的情况,北京,28,5,125447299,166375949120
黑訸白荼,男,2023-05-22 00:12:00 北京时间,1,回复 @愚人众十三执行官 :不冲突啊，镜流她也可以上斩恩师下斩旧徒[崩坏3_路过],重庆,28,6,230969850,166376863888
今夜多云转晴又转,保密,2023-05-22 05:07:55 北京时间,1,不太同意这种解读，景元也是注定要堕入魔阴身的为什么对彦卿就很亲近？仙舟人都得堕入魔阴身那仙舟人之间都很保持距离吗，也没有吧。我感觉镜流就是那种孤高明月一般的性格，温暖藏于微处。等镜流up了再看看吧。,北京,28,6,1455783,166410886544
银月为痕,保密,2023-05-22 09:44:28 北京时间,0,回复 @黑訸白荼 :有可能，合格的米哈游玩家要学会自己刀自己,山东,28,6,11966736,166442584336
银月为痕,保密,2023-05-22 09:44:43 北京时间,0,回复 @我的被被呢 :就是说不能。,山东,28,6,11966736,166442646560
银月为痕,保密,2023-05-22 09:45:58 北京时间,0,回复 @今夜多云转晴又转 :就是镜流自己的方式罢了，景元也有自己的方式，景元的语音里说，自己的师傅镜流一直和她保持距离，没有走太近也没有走太远。,山东,28,6,11966736,166442808864
梨不吃梨里的梨,保密,2023-05-23 11:49:59 北京时间,0,焯，那景元要是和彦卿亲近，那万一，我是说万一.....[热],上海,28,6,316375901,166606923328
银月为痕,保密,2023-05-23 12:11:07 北京时间,0,回复 @里梨不吃梨 :是的，很有可能，要不同归于尽，要不彦卿gg，不要怀疑米哈游的刀子的锋利程度。,山东,28,6,11966736,166610179440
木影葱葱,保密,2023-05-23 16:51:51 北京时间,0,回复 @愚人众十三执行官 :魔阴身是能恢复的，大多数人堕入魔阴身都是表现为老年痴呆或者极度暴戾的状态，直接肉体变异的反而是少数，十王司就是做复原处理的。如果堕入次数过多或者状况过于严重的才会直接人道毁灭,日本,28,6,244381230,166653984976
妤妤恰掉你,保密,2023-06-06 15:00:32 北京时间,0,回复 @黑訸白荼 :自己找刀子是吧（恼）,河北,28,5,687520397,168766392800
爱莉希雅来咯,男,2023-07-13 17:28:09 北京时间,0,说不定镜流，也曾亲手手刃了恩师，毕竟她教导景元的时候 时隔了百年啊,韩国,28,6,145023527,174844866112
银月为痕,保密,2023-07-13 17:31:20 北京时间,0,回复 @爱莉希雅来咯 :无限轮回是吧[崩坏3·光辉矢愿_吃西瓜冰],江西,28,6,11966736,174845226624
玉米味小狗大王,保密,2023-08-02 02:01:37 北京时间,0,回复 @域传C :先查查宿命是什么意思，仙舟历史无一人不堕入魔阴身的,山东,28,6,20596911,178469077664
域传C,男,2023-08-02 06:00:16 北京时间,0,"回复 @雨小洛多吃一点 :不是还有恢复的情况吗,刃和静流,他们都在有过魔阴身后，还能保存理智，且长时间保持相对的理智",四川,28,6,44521267,178511486288
玉米味小狗大王,保密,2023-08-02 07:10:37 北京时间,0,回复 @域传C :镜流的情况未知，刃是因为卡芙卡“听我说”的言灵才能暂时保留神智解放力量，仙舟历史无一例外没有魔阴身恢复治愈的情况,山东,28,6,20596911,178522550208
q墨染江山p,保密,2023-05-22 11:35:55 北京时间,157,"神君何在？太一安有？,天东有若木，下置衔烛龙。,吾将斩龙足，嚼龙肉，使之朝不得回，夜不得伏。,自然老者不死，少者不哭。",湖南,3,6,40463922,166459424336
宗仪,保密,2023-05-22 15:06:58 北京时间,5,[大哭][大哭][大哭],湖南,3,6,333095912,166492705664
夜不落暮,保密,2023-06-12 08:13:40 北京时间,44,"回复 @q墨染江山p :何为服黄金、吞白玉？,谁似任公子，云中骑碧驴？,刘彻茂陵多滞骨，嬴政梓棺费鲍鱼。",吉林,3,6,439709090,169669982048
让风带走的约定,保密,2023-05-26 10:48:26 北京时间,118,魔鬼[墨镜],广东,29,6,186668958,167043652848
山木石木,女,2023-06-05 12:54:08 北京时间,20,我也（虽然魔鬼但我爱看这种）,江苏,29,6,53114912,168589983776
真·八幡雪乃,男,2023-09-29 02:29:11 北京时间,57,新任砍前任，让我想起了K里面的第四王权青之王那边的轮回，副手负责补最后一刀，避免死后出现重大伤亡,江西,29,6,23139842,187922392112
风和Fenghe,保密,2024-01-04 13:42:47 北京时间,54,你给我气笑了[微笑],山东,29,6,518667709,201706928880
-拨雪寻春-,保密,2024-01-23 14:01:14 北京时间,74,对景元未免太残忍…禁止虐猫！,河南,29,5,101959476,204525597904
阿哈令史,保密,2024-01-27 11:51:23 北京时间,35,活阎王啊,浙江,29,6,198696267,205109413536
汉堡猫猫什么味,女,2024-01-30 03:52:03 北京时间,30,我先魔阴[墨镜],山东,29,5,3461574297651836,205509284368
弦余百滥银,保密,2024-02-04 02:41:53 北京时间,19,死命刀景元一个人[灵魂出窍][大哭],广东,29,5,524571252,206313676816
朝雾老贼拿命来,保密,2024-02-05 11:13:12 北京时间,11,@ggngvjfdww 撒旦背上纹的他[辣眼睛],江苏,29,4,1623414258,206559183488
AA罗浮帝玉集团青总,男,2024-02-23 12:20:30 北京时间,5,我觉得景元应该自我了断，临死给彦卿来一个最后一课[doge],天津,29,4,3546597484923655,209531944656
泡泡桔子头,女,2024-02-25 16:44:11 北京时间,4,是谁把你变成这样的，米哈游吗[大哭],陕西,29,6,337134150,209896170704
瓜皮不是皮,保密,2024-03-06 15:28:11 北京时间,11,好好好，逮着景元一个人薅是吧[墨镜],河北,29,5,1759644366,211261447632
林珑骰,女,2024-03-18 15:30:18 北京时间,1,白发人送黑发人（）,湖北,29,5,439621150,212970729584
顾无恙,女,2024-04-18 05:46:44 北京时间,0,活阎王在世啊,江苏,29,6,13278915,217408222480
阿天讲高球,保密,2024-04-29 09:57:35 北京时间,0,你简直是魔鬼👹,上海,29,4,397407893,219077805472
瓜子皮里的喜糖猫猫,保密,2024-04-30 22:53:23 北京时间,4,我去厨房给你拿钱[星星眼][星星眼],河南,29,4,1753731246,219304947952
bili_3537109017168419,保密,2024-05-02 11:23:00 北京时间,3,我车灯坏了能帮我去前面看看吗[脱单doge],江苏,29,3,3537109017168419,219553984416
蛊中月,保密,2024-05-02 18:58:03 北京时间,8,你这差点，不是还有药王秘传嘛，彦卿被药王秘传的人弄成了魔阴身，景元嘎了彦卿，又是亲手噶恩师又是亲手噶徒弟，然后被钻了空子，也堕落，然后符玄嘎了景元，然后有满足了景元退休的想法又满足了符玄的历练和变成了将军[doge][doge]，岂不合理[doge],重庆,29,4,3493089194805348,219612844864
无尽深渊国度的守夜人,保密,2024-05-25 22:50:37 北京时间,1,回复 @蛊中月 :大概到时候的情况可能是有人搅局，然后景元在魔阴身情况下把符玄杀了然后符玄在临死前用秘法将景元魔阴身压制，景元在抱着符玄痛哭,河北,29,4,3493075208898798,223214088640
Ya-Tomato,保密,2024-05-29 02:46:54 北京时间,4,少年丧母，中年丧子，晚年丧妻,四川,29,5,476659264,223694285248
想要变得冷静,女,2024-06-16 07:15:32 北京时间,0,太够味了我靠,陕西,29,4,1413435842,226611878192
好困纯困,保密,2024-06-20 18:40:03 北京时间,0,无敌[doge],湖南,29,3,52891240,227342602800
沧巫無,保密,2024-07-07 10:04:52 北京时间,2,我们猫猫没惹任何人[墨镜][响指][大哭],山东,29,4,1413893647,230156202512
B站的千羽,男,2024-07-15 16:13:24 北京时间,3,禁止虐我家小彦卿和景元元！！禁止！！[大哭],湖北,29,6,20948933,231674241728
喜欢听phonk,男,2024-07-27 13:58:20 北京时间,0,变成马非马,广东,29,6,498819204,234041354944
光辉滴修喵,女,2024-07-28 12:06:34 北京时间,0,好主意[墨镜],广东,29,5,1171026676,234226776416
夜KaMiMoon,保密,2024-08-04 20:28:14 北京时间,1,错啦，星啸入侵罗浮景元单挑被腰斩[脱单doge],爱尔兰,29,4,3493084692220365,235751506944
世界第一召唤师,保密,2024-08-13 13:39:26 北京时间,0,是什么让你变成这样的,江苏,29,6,411206912,237543101568
吃影子吗,保密,2024-10-13 18:53:22 北京时间,0,回复 @真·八幡雪乃 :woc，k！,河南,29,5,1252216817,244544182208
小飞鸡,保密,2023-05-21 13:30:30 北京时间,1,[心动告急 黑粉漫表情包_期待],陕西,4,6,23796550,166322821776
星野爱あい,保密,2023-05-21 13:33:35 北京时间,2,回复 @小飞鸡 :[前兔无量_可怜],河北,4,6,1180738145,166323274576
阿尔托莉雅如是说,保密,2023-05-22 03:42:30 北京时间,2,欲辨已忘言,山东,4,6,321839035,166397957968
果味柳丁C,男,2023-05-22 04:45:58 北京时间,0,二创滴魅力,山东,4,6,122319742,166407275056
写与,保密,2023-05-29 10:47:24 北京时间,47,没抖音，哥们帮忙嘴替骂几句然后举报一下，谢谢,重庆,3,6,275535199,167517448656
叶元趣,保密,2023-05-30 10:28:08 北京时间,5,举报了,重庆,3,6,94855523,167663234496
网友海宝宝棉,男,2023-05-30 12:06:54 北京时间,2,这个我也刷到了,江苏,3,5,425572220,167678206368
傻不拉几三月七,女,2023-05-23 02:39:10 北京时间,1,我C[哦呼][哦呼][哦呼],河北,10,6,402404783,166537688400
观星26710,男,2023-05-23 02:57:29 北京时间,10,握草什么神仙面板啊你这,山东,10,5,524634757,166539498832
叶落孤箫,保密,2023-05-23 13:07:11 北京时间,1,220？我超，别太离谱,黑龙江,10,6,109855375,166618635776
梓泪篼篼,保密,2023-05-24 03:23:30 北京时间,0,？。,江苏,10,5,1628207280,166691328592
子鸠や,保密,2023-05-24 13:41:59 北京时间,0,[惊讶]大佬，立马去加,广西,10,5,345202644,166773357008
朱颜z辞镜,保密,2023-05-24 22:49:32 北京时间,0,[哦呼],四川,10,5,358845936,166815545712
喝了假酒的沐木,男,2023-06-06 00:42:22 北京时间,0,为啥你的游戏昵称是蓝色的啊？好帅啊,吉林,10,6,171447821,168647234240
久久久久许,保密,2023-06-06 01:00:23 北京时间,0,回复 @喝了假酒的沐木 :现在已经改不了了，之前B站有蛮多教程怎么改颜色名称和签名,云南,10,6,32302713,168648962144
喝了假酒的沐木,男,2023-06-06 01:04:56 北京时间,0,回复 @久久久久许 :哇，对了对了，我刚才加一些大佬好友的时候（在评论区找大佬加），我发现有一个人的签名也是蓝色的，好帅啊,吉林,10,6,171447821,168649188800
海哥好帅好帅好帅好帅,保密,2023-06-08 14:35:10 北京时间,0,加了佬[脱单doge],四川,10,5,1165906124,169078498384
jcxsq,保密,2023-05-24 00:54:46 北京时间,0,[点赞],加拿大,3,6,188887377,166675988672
团结一切,保密,2023-05-27 12:08:06 北京时间,0,大佬，请问你氪了多少？[doge][doge],山东,3,5,343870471,167216771424
羽猫与鱼,保密,2024-07-18 04:16:39 北京时间,0,求好友位大佬。本萌新景元厨好想见一见啊，都借不到景元看看，啊啊啊景元什么时候来啊,江苏,3,4,1241637652,232134172016
钟离昶箜,保密,2023-05-21 13:17:10 北京时间,0,支持[打call],江苏,37,5,406247769,166320651488
帝弓司命必秒寿瘟祸祖,保密,2023-05-21 13:33:25 北京时间,3,那个故事恐怕是青镞编的）,上海,37,6,183388100,166323372976
艾利絲,保密,2023-05-21 13:41:19 北京时间,61,回复 @重装小鹤19薇 :不，那是真的，其中一隻石獅子就刻有碑銘記念她,中国香港,37,6,7730374,166324721712
阿格莱雅的缝衣针,女,2023-05-21 14:21:03 北京时间,36,回复 @重装小鹤19薇 :不是编的，将军日记有提到狮子咪咪,广西,37,6,10968293,166331572560
猫小落,女,2023-05-21 14:48:00 北京时间,6,回复 @青丝宛 :起名好烂[笑哭],广东,37,6,341879925,166336978848
AnzuFutaba,女,2023-05-21 14:55:24 北京时间,33,回复 @猫小落 :小的时候当猫养是这样的[中国绊爱2nd_狗头],山东,37,6,826269,166338417824
某纯じゅん,保密,2023-05-21 14:56:45 北京时间,1,回复 @青丝宛 :可是那只石狮子不是朔雪吗,广西,37,6,105134245,166338551248
扔了就跑,保密,2023-05-21 14:58:07 北京时间,45,回复 @某纯じゅん :当猫养的时候叫咪咪，发现是狮子后才改的名[笑哭],广西,37,6,252966736,166338847040
炎月D虞,保密,2023-05-21 15:29:19 北京时间,5,回复 @某纯じゅん :将军日记有三篇，里面有,重庆,37,6,7623288,166344717904
核岛快乐水,保密,2023-05-21 15:46:39 北京时间,11,回复 @炎月D虞 :那个猫居然是立绘里的狮子，我只有一篇日记，一直以为是猫猫[笑哭],天津,37,5,473713543,166347824976
炎月D虞,保密,2023-05-21 15:57:54 北京时间,38,回复 @核岛快乐水 :三篇，最后一篇就讲了景元出征300年，狮子一直守在门口等他归来，直到景元归来在他怀里咽气,重庆,37,6,7623288,166349769152
荀降,女,2023-05-21 16:01:52 北京时间,101,支持！呜呜，咪咪等了景元三百年啊，不过有一说一，仙舟的动物也这么长寿吗,上海,37,6,10241683,166350412912
拉米-糸拉特,保密,2023-05-21 16:31:18 北京时间,156,"回复 @核岛快乐水 :景元：,这只狸奴真可爱，买了。,……,会喵喵叫讨吃的了，真有趣。,……,这块头是不是有点不对？,……,原来是狮子啊（喵~？）",福建,37,5,489271046,166354642448
埃尔梅罗教室,女,2023-05-21 18:26:07 北京时间,38,回复 @拉米-糸拉特 :建议中间插一个：这小家伙真能吃,江苏,37,5,476929703,166364758448
普通市民夏先生,女,2023-05-21 21:56:00 北京时间,33,回复 @炎月D虞 :日记里那只叫踏浪雪狮子，不叫朔雪，是另一只，日记里也没提到踏浪最后咋样了，青镞讲的的朔雪才是等了300年最后咽气的那只,四川,37,6,24106585,166370861312
普通市民夏先生,女,2023-05-21 22:03:23 北京时间,3,回复 @昵称离家出走了啊 :日记里改的名字叫踏浪雪狮子，不是朔雪，朔雪应该是另外一只,四川,37,6,24106585,166371086096
kundala,保密,2023-05-21 22:57:27 北京时间,3,回复 @王黯又双叒叕 :应该就是一只，它那个石狮子的位置和青镞描述的位置一样,天津,37,5,645975043,166372966976
普通市民夏先生,女,2023-05-22 01:45:17 北京时间,10,回复 @kundala :不是一只，将军日记里的那只最开始叫咪咪，后来改名踏浪雪狮子，根本没描述它的后续，只到食量就截止了，而青镞讲的那只叫朔雪，那只石狮子面前刻的字也是朔雪，所以目前看来根本不是一只啊,四川,37,6,24106585,166384908272
kundala,保密,2023-05-22 12:18:16 北京时间,7,回复 @王黯又双叒叕 :描述都是雪白的狮子，景元很宠爱，一直待在身边，然后问青镞朔雪葬在哪她会说在神策府门口，我实在想不出为什么会不是同一只,天津,37,5,645975043,166465868704
kundala,保密,2023-05-22 12:19:25 北京时间,3,回复 @王黯又双叒叕 :你认为为什么编剧要写两只不同的狮子？更何况文本有说“咪咪”是青镞喂养的,天津,37,5,645975043,166466085696
普通市民夏先生,女,2023-05-22 12:36:43 北京时间,1,"回复 @kundala :那我也可以说，何必在日记里说叫踏浪雪狮子呢？直接叫朔雪不是更好？为啥改了一次踏浪雪狮子还要再改一次朔雪，那不更麻烦？,所以硬要说这俩一只那也蛮牵强，而事实就是日记里的叫踏浪雪狮子，而青镞说的那只叫朔雪，除非有文本实锤踏浪又改了名，不然就别硬在那儿联想是一只了，谁规定了景元只能养一只了？",四川,37,6,24106585,166468556880
kundala,保密,2023-05-22 13:29:59 北京时间,2,回复 @王黯又双叒叕 :这倒是有理由的，景元说他不会起名字就叫踏浪雪狮子了，朔雪是青镞又给它起的名字,天津,37,5,645975043,166476786944
kundala,保密,2023-05-22 13:31:24 北京时间,1,回复 @王黯又双叒叕 :两只不才是联想？朔雪墓前刻着“忠骨带铜声”结合之前的故事如果是另一只狮子为什么会有这句诗？,天津,37,5,645975043,166477020512
普通市民夏先生,女,2023-05-23 03:07:41 北京时间,1,"回复 @kundala :有任何文本能锤朔雪这个名字是青镞另外起的？没有那不就是你的脑补？,两只怎么就联想了，一只叫踏浪，一只叫朔雪，这可是文本清清楚楚记着的，倒是你说的是同一只根本没有任何文本可以佐证，“忠骨带铜声”怎么就不能是另一只了？文本还说“雪狮三公”了呢，那按你的说法，我还可以猜测景元至少养过三次狮子呢，朔雪只是第三只而已。",四川,37,6,24106585,166540605680
kundala,保密,2023-05-23 11:03:28 北京时间,0,回复 @王黯又双叒叕 :你的意思就好像是一篇文章前面都拿各种代词或者“他”来写一个人，最后告诉你他的真实姓名，结果你非说这不是一个人,天津,37,5,645975043,166599753456
kundala,保密,2023-05-23 11:04:45 北京时间,0,回复 @王黯又双叒叕 :如果这不是一只狮子那你觉得咪咪和朔雪的两个故事有意义吗？怎么说不也是一只狮子才更能让玩家感受到其中的情感吗,天津,37,5,645975043,166600049616
kundala,保密,2023-05-23 11:07:23 北京时间,0,回复 @王黯又双叒叕 :还有一点很重要，你是为了去问咪咪的下落才询问的青镞，青镞为什么不告诉你咪咪去哪了而是给你讲了一个朔雪的故事？,天津,37,5,645975043,166600383328
普通市民夏先生,女,2023-05-23 12:48:58 北京时间,0,"回复 @kundala :什么叫只拿“他”来写一个人？这句话根本不成立，日记里写的请清楚楚，咪咪是有名字的，咪咪就是一开始它的名字，知道真相后又改成的踏浪雪狮子，有名字的情况下，怎么能叫用“他”来指代？,这俩故事换成人来说不就是，将军救了一个小孩儿取名二狗，二狗长大了改名踏浪；青镞的故事则是一个从小在将军身边长大的名叫“朔雪”的孩子没有等到将军归来,你告诉我，两个名字，怎么叫只用“他”来指代？",四川,37,6,24106585,166615896688
普通市民夏先生,女,2023-05-23 12:50:35 北京时间,0,回复 @kundala :这个就是你自己纯脑补了，没有任何文本能证明，更何况文案真想写成同一只非常简单，改名不改成踏浪直接改成朔雪不是更加简单？为什么非得绕一个弯？,四川,37,6,24106585,166616177344
普通市民夏先生,女,2023-05-23 12:52:41 北京时间,0,回复 @kundala :朔雪的故事不是为了问咪咪的下落才告诉我的，是我去问神策府有什么机密（大概是这个意思），青镞为了敷衍我才告诉了我这个故事，不信你自己去游戏看看是不是这个文本,四川,37,6,24106585,166616570976
kundala,保密,2023-05-23 14:10:32 北京时间,0,回复 @王黯又双叒叕 :我说的他指的是前文有很多称呼文章描写对象的名字，最后才引出真名的意思,天津,37,5,645975043,166629175216
kundala,保密,2023-05-23 14:12:30 北京时间,0,回复 @王黯又双叒叕 :怎么说都是同一只狮子的表达效果更强吧？一只和景元亲密如此的狮子最后苦等了300年，如果不是这样那么前面文本写咪咪的作用是什么？写它食量大，调皮，和景元亲密的意义和作用是什么？,天津,37,5,645975043,166629607104
普通市民夏先生,女,2023-05-24 00:35:28 北京时间,1,回复 @kundala :我就问一句，有任何文案锤踏浪和朔雪是同一只嘛？请拿出实锤来反驳我，没有实锤那就顶多算你自己的推测和脑补，就不要拿出来误导别人让别人以为是真的,四川,37,6,24106585,166674586080
kundala,保密,2023-05-24 11:31:25 北京时间,0,回复 @王黯又双叒叕 :那我也能问你有任何证据能证明景元养了两只狮子吗？,天津,37,5,645975043,166753857072
普通市民夏先生,女,2023-05-25 03:39:17 北京时间,0,"回复 @kundala :日记记得清清楚楚先咪咪后改名踏浪,青镞讲的清清楚楚朔雪,如果两个不同的名字都无法证明是两个的不同，那请问你是否也登记了两个名字呢？,同时，从文案内容也可以看出，目前为止，踏浪和朔雪除了都是狮子外，对它们的描述也没有任何联系。,名字及其经历描述都不相同，这种情况下难不成还能判定成同一只？",四川,37,6,24106585,166840623344
孤舟秋夜,男,2023-09-14 05:45:28 北京时间,0,1.3前来考古，那个是编的[脱单doge],湖北,37,6,313287890,185865983440
匜方鉴,保密,2025-01-07 15:00:20 北京时间,0,2025前来考古，hoyofair崩铁2025里面官方找了芙莉莲的原画师画了景元和咪咪故事的动画，很好看，推荐。https://www.bilibili.com/video/BV1tS6JYkENS/?spm_id_from=333.788.top_right_bar_window_default_collection.content.click,广东,37,5,381751769,251236845057
多病的five,男,2023-05-21 13:09:45 北京时间,55,师徒刀啊，米哈游可擅长了[保卫萝卜_哭哭]，没接触过崩二，但是从崩三开始，再到原神，然后到崩铁，一直都有师徒刀[保卫萝卜_哭哭]，还都是大刀子[hanser动物套装_泪流成河],河北,11,6,364842232,166319437280
小JC大梦想,男,2023-05-21 14:44:57 北京时间,1,回复 @多病的five :原神的师徒刀是？,北京,11,5,1397251656,166336298272
ohyeeeeeeeah,女,2023-05-21 14:48:34 北京时间,15,师徒人被创死了[大哭]这辈子最喜欢看的就是师徒，在mhy这儿被赏了好几个大逼斗[大哭],上海,11,6,316338406,166336951344
多病的five,男,2023-05-21 15:03:38 北京时间,50,回复 @小JC大梦想 :丽莎和雷泽未来的刀，丽莎教会了雷泽很多，教他识满天繁星之名，陪他一起找回父母留下的东西，在丽莎的帮助下，雷泽找到了他属于人类的那一半自我，雷泽还在好奇为什么丽莎几乎什么都知道，而丽莎因为诅咒寿命减半已经没有几年的时间了。这么一说的话，说是师徒刀，似乎说是寿命论更合适？看来是我没认真思考发言。,河北,11,6,364842232,166339965584
想vg的9shadow,保密,2023-05-21 15:36:01 北京时间,36,回复 @小JC大梦想 :白术那一门？那可是不知道多少对师徒了，得叫传承刀？,安徽,11,6,629077319,166345964208
诡园,保密,2023-05-21 17:24:06 北京时间,10,回复 @小JC大梦想 :斯坦利那个也算吧,陕西,11,5,1382879971,166360212752
小JC大梦想,男,2023-05-21 17:27:03 北京时间,19,回复 @想vg的9shadow :我觉得你自己说的传承刀比师徒刀要更合适[脱单doge]因为我觉得师徒刀应该是更具体到人的，而不是抽象到一个流派或者一种精神的。师徒刀背后一定有某种精神，但是单纯精神传承不一定是师徒刀,北京,11,5,1397251656,166360538352
小JC大梦想,男,2023-05-21 17:32:02 北京时间,12,回复 @多病的five :倒也不能说不算。不过我感觉这一对不算很刀。一是雷泽对丽莎的情况不怎么了解，而且丽莎的情况剧情里基本都是暗示，没有怎么具体描写。二是丽莎毕竟没有将某些独属于她的东西或者某种精神传承给雷泽，而且师徒刀一般都是通过其中一人的变化来侧面刻画另一人对ta的影响之深以及意义之重，目前这俩是啥变化都没有,北京,11,5,1397251656,166361051760
小JC大梦想,男,2023-05-21 17:39:05 北京时间,2,回复 @录园 :嗯，应该算某种意义上的师徒吧。一人为了拯救另一人而死，一个人死后另一个人变得成熟沉默或者偏激。基本都能对得上。不过我觉得比起师徒，可能更像前辈和后辈？毕竟师徒是还得有师傅教了徒弟什么东西，他们只是一块冒险。而且精神上的传承也比较……真斯坦利是传说冒险家，但是假斯坦利被救了之后只是整天在四处传扬他的故事，而没有真的去做些符合冒险家身份的事，我觉得还是有点……,北京,11,5,1397251656,166361630912
爱莉希雅来咯,男,2023-05-30 04:29:11 北京时间,0,没怎么了解设定 700年 也就是景元一个人撑了700年吗 记得将军级的 入魔好像都很快吧,山东,11,6,145023527,167619448592
咖米小天使,男,2024-07-04 03:52:20 北京时间,1,回复 @爱莉希雅来咯 :静流入魔星历7380，景元初遇符玄已经是星历8100了,广西,11,5,672482584,229567634048
志琼前辈在哪里,男,2023-05-21 12:56:18 北京时间,36,"景元：帮帮我，神霄雷府总司驱雷掣电追魔扫秽天君先生,神君:离开帝弓七天将巡猎令使闭目神策将军景元元[脱单doge]",吉林,4,6,28589536,166317376816
给你煮鱼吃,保密,2023-05-21 12:58:04 北京时间,11,回复 @璃月测绘员卡米 :神君名字还没说完就被撅了,北京,4,5,476910142,166317703840
浅雨，风筝,男,2023-05-21 13:06:42 北京时间,7,"回复 @给你煮鱼吃 : （化作冰雕吧）,神君：景元元，不！！！[脱单doge]",江苏,4,6,17000689,166319060064
柠莳lucky,男,2023-05-21 13:28:33 北京时间,0,繁文缛节不可取[脱单doge],天津,4,6,18802818,166322387808
觞千然,男,2023-05-21 13:13:53 北京时间,27,在带上彦卿，三代同堂[doge][doge],新疆,15,6,340839239,166320129696
大只丶佬,保密,2023-05-21 13:19:19 北京时间,61,👴🏻还要在车里狠狠的吃师徒盖浇饭,山西,15,6,77258342,166321000928
白鹤不是花也不是鸟,保密,2023-05-21 13:19:41 北京时间,19,景元放心，一定让你们师徒团聚[脱单doge],江西,15,5,1423552485,166320945120
愚者座下的水银天使,保密,2023-05-21 13:22:14 北京时间,42,景元彦卿都有了，就等镜流三代同堂[doge],山东,15,5,508823686,166321472320
蟹蟹い,保密,2023-05-21 13:22:28 北京时间,128,帕姆：咋变你的车了,广东,15,6,8212384,166321413248
硬币太多浅花一下,保密,2023-05-21 14:19:33 北京时间,1,回复 @大只丶佬 :让我吃吃[爱心][爱心][爱心][爱心][爱心][爱心],上海,15,5,200600634,166331315520
微墨夭夭,保密,2023-05-21 15:53:53 北京时间,7,回复 @愚者座下的水银天使 :同，但我还要再抽一个符玄，也算是师徒四人了吧[奥比岛_搬砖],北京,15,5,1729510950,166349086544
被幸福包围的珂朵莉,男,2023-05-21 17:54:42 北京时间,2,回复 @ice蕾娜 :那带上华和素裳，师祖徒孙盖饭[脱单doge][脱单doge][脱单doge],广东,15,6,92477770,166362883552
微墨夭夭,保密,2023-05-22 09:05:40 北京时间,0,回复 @我也會到丶有你的小镇 :素裳不来我有什么办法[奥比岛_搬砖][热],北京,15,5,1729510950,166437554448
我推的人民币,保密,2023-05-23 00:54:04 北京时间,0,回复 @ice蕾娜 :取经是吧[脱单doge],北京,15,6,383866414,166528095120
微墨夭夭,保密,2023-05-23 00:55:06 北京时间,0,回复 @下辈子转生变成钱 :[脱单doge],北京,15,5,1729510950,166528165184
前现代铜头皮带辩证法,男,2023-05-23 16:50:20 北京时间,1,开拓者，到了仙舟罗浮指定没泥萌好果汁吃嗷。你们列车四人面对我们师徒四人。[doge],广西,15,6,13213992,166653820224
枯谭穹窿,保密,2023-06-20 14:33:37 北京时间,0,出币抽爆,河南,15,5,3493275489012336,170924831520
好好吃饭_好好活着,保密,2023-06-21 05:33:35 北京时间,0,回复 @蟹蟹い :帕姆早就是我的人了，她的车自然也是我的车[傲娇],云南,15,5,1921043393,171003729776
源堡轮值猫猫虫1号,保密,2023-06-29 07:07:25 北京时间,0,回复 @愚者座下的水银天使 :你小子怎么个事？,加拿大,15,5,1921647714,172313441696
酸辣排骨汤圆,保密,2023-05-22 15:24:48 北京时间,2,说得好，不过留到下次再说吧[嗑瓜子],浙江,1,6,25918510,166495762144
言之昭昭,女,2023-05-22 01:09:21 北京时间,0,抓住太太[么么哒][么么哒][么么哒],湖南,1,5,386275369,166381612736
Yanmo言眸,保密,2023-05-21 16:09:15 北京时间,1,[打call],福建,1,6,409681519,166351532704
稻田养鲲,保密,2023-05-21 15:34:39 北京时间,42,"那架设入魔前自己先布局计划好一切，让彦卿刀了自己呢。,类似原神的钟离，只是他假戏真做。",浙江,5,6,35123977,166345727584
核岛快乐水,保密,2023-05-21 15:47:35 北京时间,29,回复 @稻田养鲲 :是什么把你变成这样的，mhy吗[辣眼睛],天津,5,5,473713543,166347919280
草莓巧克力甜筒_,保密,2023-05-22 15:48:47 北京时间,27,神君是因为成为巡猎令使才有的啊，如果景元堕入魔阴身了你觉得岚还会把神君给景元吗或者神君也不会帮景元啊[来古-呆滞],辽宁,5,5,458224386,166499340176
fluorite2041,保密,2023-05-22 22:48:40 北京时间,14,回复 @草莓巧克力甜筒_ :当然不会，如果景元真救不回来了，神君可能直接一刀剁了景元[doge],重庆,5,6,277399035,166520583104
迷茫的人与梦,保密,2023-07-27 15:38:53 北京时间,1,十几岁入魔阴可太强了（,江苏,5,5,1464413543,177442451824
尼穆尼亩,保密,2023-05-22 07:53:07 北京时间,8,然后其实故人仍在，相信很快就会见面吧[吃瓜],湖北,3,6,54218402,166429344640
阳光的鸡腿,保密,2024-02-01 07:17:46 北京时间,11,回复 @尼穆尼亩 :不如不见[笑哭],河北,3,5,399779651,205859159328
文忙_,男,2024-09-17 04:49:51 北京时间,0,有一个小问题，景元回忆中的镜流拿的应该是普通的剑，到了后期会是支离剑吧？除了最后和镜流搏杀的时候拿的是昙华剑其他时候不应该在回忆里出现昙华剑吧,上海,3,6,361510659,242344772465
火勿阿达,保密,2023-05-22 19:05:38 北京时间,113,"你这想法崩坏三里，奥托第一个不认同[doge]，因为这事他早几百年前就试过了。,他也有克隆人技术，把自己所爱之人的记忆给放进了克隆人体内，复活了自己的圣女，但后来又引发了一个哲学问题。,只是拥有相同记忆，拥有相同身体的人……真的还算之前的那个人吗？,灵魂是否真的存在呢？,最后，他想通了。,因为后续的反应看，现在这个人，不是之前的那个人，只是相似的一朵花而已，,所以他才最后拼了命去冲树，把时间倒退回500年前剩女死亡的那一刻，从那个时间点分出来从那个时间点分出了一个新的平行世界让圣女活下去的时间，。",浙江,8,5,1504066814,166515525776
木影葱葱,保密,2023-05-23 16:55:35 北京时间,35,实际上罗浮十王司就有现成的技术…把死去之人的人格拓印成程式，再输入机偶当中就行了，剧情里的雪衣就是如此的状态,日本,8,6,244381230,166654373152
木影葱葱,保密,2023-05-23 16:58:20 北京时间,35,不过这个的问题就是做出来的那个人她也不是原本的那个了，终究只是复制品，这是对死者的不敬。所有十王司的捕将都是生前就立好誓来贡献的，其他人不到非常时刻不会动用的,日本,8,6,244381230,166654639040
宴山OwO,保密,2023-05-23 18:46:49 北京时间,0,现在据说是用星核复活了？,浙江,8,6,8634829,166661786624
账号已注销,保密,2023-07-27 01:22:05 北京时间,1,无所谓，因为规则就是用来打破的,四川,8,0,415379292,177288918144
mreot,保密,2023-10-15 17:02:32 北京时间,1,回复 @火勿阿达 :记忆比奥托强太多了，不会有意外[doge],河南,8,5,515054167,190258616304
名字啥的随便啦s,保密,2023-11-24 15:40:59 北京时间,1,嘶，我在想是不是可以不用这么麻烦，魂刚身体你值得拥有（奥托点了个赞），再损一点的话，可不可以抢虚空万丈的（毕竟他那个是奥托珍藏的身体[doge]）,山东,8,5,486211115,195804589584
我世界法则,保密,2024-05-21 07:34:41 北京时间,0,回复 @火勿阿达 :记忆指不定不止能把一个人的记忆提出来，可能能把意识提出来，一个人的意识加记忆才是完整的自己,广东,8,6,480056623,222495283760
逍遥生い,男,2023-05-21 15:19:14 北京时间,2,刚想纠正，突然发现你说的貌似是景元和镜流两个人[崩坏3·光辉矢愿_吃西瓜冰],江苏,5,5,441193349,166343051024
_-Selene-_,女,2023-05-21 15:19:40 北京时间,6,回复 @提瓦特养老的舰长大人 :景流不论cb向还是cp向都很好吃[保卫萝卜_哭哭],上海,5,5,1294966983,166343014992
Virtual安好,保密,2023-05-21 15:28:55 北京时间,7,我贼喜欢女师男徒[星星眼],陕西,5,6,45866572,166344694304
_-Selene-_,女,2023-05-21 15:32:47 北京时间,4,回复 @Virtual安好 :我也是！特别仙侠感！,上海,5,5,1294966983,166345410512
谁是银色大将军啊,女,2023-08-30 16:07:29 北京时间,1,景流仙品[星星眼],北京,5,5,1483255448,183822339040
稻鄢澄玺,保密,2023-05-21 13:00:37 北京时间,2,提前一年拿上来是吧[doge][doge],陕西,1,6,291551899,166318162416
忆夏凉雨,保密,2023-05-23 06:43:48 北京时间,0,大佬求个好友位[脱单doge],江苏,5,5,257405924,166567937456
是羽落落哇,女,2023-05-23 06:44:40 北京时间,0,回复 @忆夏凉雨 :左下角有uid[tv_点赞],江苏,5,6,197614611,166567901920
忆夏凉雨,保密,2023-05-23 07:05:22 北京时间,0,回复 @是羽落落哇 :加了大佬，45级的是我[脱单doge],江苏,5,5,257405924,166569995632
团结一切,保密,2023-05-27 12:09:24 北京时间,0,大佬，请问你氪了多少？如果可以我也想试一下[doge][doge],山东,5,5,343870471,167217049936
是羽落落哇,女,2023-05-27 12:13:14 北京时间,0,回复 @团结一切 :攒了200+首充的7单648，加上兑换的黄票，加起来满命满精花了大概700抽，然后是角色歪了三次，光锥没歪过,江苏,5,6,197614611,167217571840
芝士只因只因,保密,2023-05-21 16:07:06 北京时间,6,你可以去看看官方短片的简介，镜流失踪了,广东,5,6,27666309,166351168400
左拥魈宝右抱万叶,女,2023-05-21 16:51:29 北京时间,1,回复 @芝士只因只因 :嗦嘎嗦嘎，我只看了视频没细看前面简介，还以为是被景元刀了[tv_笑哭][tv_笑哭],云南,5,5,272503735,166357018512
账号已注销,保密,2023-05-22 02:44:32 北京时间,3,眼睛蒙上了，猜一手是封印。,贵州,5,0,1460395741,166391091728
_-Selene-_,女,2023-05-22 04:01:56 北京时间,0,别忘了星核还有罗刹[doge],上海,5,5,1294966983,166400500720
陆行鸟游侠,男,2023-05-22 04:56:58 北京时间,0,借尸还魂也不是不可能,辽宁,5,6,363559752,166409139664
黎明拾忆,保密,2023-05-21 13:08:54 北京时间,0,景元对镜流的评价,湖北,1,5,402525737,166319395136
LL璐dear,女,2023-05-21 12:55:17 北京时间,0,很喜欢崩铁玩家的一句话,辽宁,3,6,233589251,166317095072
平平无奇的小问号,保密,2023-05-21 12:55:34 北京时间,1,前排[妙啊],江苏,3,5,1530736235,166317177264
菌寶,男,2023-05-21 12:56:47 北京时间,1,很喜欢崩铁玩家的（）？,浙江,3,6,289995959,166317473024
Nukosama,男,2023-05-21 13:30:33 北京时间,0,mhy你坏事做尽，又是pv又是动画短片，把我的钱包骗得空空如也,德国,4,6,8238932,166322781952
银云冬,女,2023-05-21 15:39:02 北京时间,6,"要是信xxx不如xxx,我的建议是都别抽,直接等星神进卡池得了,不要强度焦虑,铁道难度真的有够低了,而且景元很强",湖南,4,6,202625330,166346536800
姝姝不迷糊,保密,2023-05-21 19:32:57 北京时间,4,别把风评放心上，因为不少人是抽到了希儿抽不到景元才踩。喜欢景元无关强度，就是愿意把星琼都给他，资源都拿来练他。别说景元现在不弱，就算作为开服角色以后强度不够了，我打算追星魂追光锥，再不够就追他队友的星魂和光锥，在我手里他一直能打，就可以了,天津,4,5,347377395,166367661472
-月色微光-,女,2023-05-22 03:20:59 北京时间,2,众所周知，角色最弱的时候就是在卡池的时候，别在意风评，相信自己的眼光，只要用心练了角色就会回应自己,广东,4,6,296298,166395264560
七鸟Nanatori,男,2023-05-21 17:07:32 北京时间,0,是什么把你变成这样的，是mhy吗[大哭][大哭][大哭],湖南,1,5,2071563157,166358774704
阿司匹林长溃疡,保密,2023-05-23 03:02:53 北京时间,9,mhy画了一个很大的饼，不，两个，一个类似足迹PV的寓言诗，一个仙舟六将，噫，真大，看我快饿死了，专门画饼给我吃，结果更饿了,河北,1,6,77772141,166540038624
太白冬星,保密,2023-05-21 13:13:58 北京时间,1,楚老师[脱单doge]B站已经没有你在乎的人了吗,浙江,2,5,385114658,166320133568
什么都磕的逆天蓝鸟,保密,2023-05-22 14:08:14 北京时间,0,绫人：哼。。。安息吧[阴险],马来西亚,2,5,293741280,166483061520
浅雨，风筝,男,2023-05-21 13:08:25 北京时间,1,mhy：诶嘿！[吃瓜],江苏,1,6,17000689,166319370208
清水_摸鱼,保密,2023-05-21 13:05:51 北京时间,0,100岁？,广东,11,6,435842572,166318855360
黑鹭公主,保密,2023-05-21 13:06:14 北京时间,7,仙周人年龄都百岁的，青春时间保持的很久，从外表有时候很难区分,辽宁,11,6,26801050,166318937120
荒泷抽奖必中一斗,男,2023-05-21 13:08:16 北京时间,0,回复 @清水_摸鱼 :小屁孩都两百岁,四川,11,6,8474338,166319301680
山大可二次方,保密,2023-05-21 13:11:11 北京时间,44,只能说镜流估计很大了，说书先生说前任剑首的故事要从6300年苍城仙舟陷落开始，不管镜流那时候多少岁，她堕入魔阴身的时候也是900岁起步了，我个人感觉镜流堕入魔阴身的时候可能景元百来岁，那目前景元也是八九百岁的样子（还是很想吐槽这对师徒都很能抗磨损，景元直接做了七百多年将军还没堕入魔阴身，属实强大）,江苏,11,6,102903503,166319672384
清水_摸鱼,保密,2023-05-21 13:12:19 北京时间,2,回复 @荒泷抽奖必中一斗 :不知道怎么算的，不是说1000岁的寿命吗，能不能换算成100岁的正常人寿命,广东,11,6,435842572,166319759792
山大可二次方,保密,2023-05-21 13:21:17 北京时间,2,回复 @清水_摸鱼 :好像不能按外表分，因为彦卿好像，才十几岁（但是看起来比两百岁的小姑娘大多了）,江苏,11,6,102903503,166321264560
临界处理器,保密,2023-05-21 13:23:01 北京时间,1,差了700多岁，仙舟人堕入魔阴基本都是800岁往上，景元现在七百多岁，镜流入魔阴是在六百年前,福建,11,6,37966735,166321511888
鲸落扁舟,保密,2023-05-21 13:48:52 北京时间,1,不止吧，景元打仗都打了300年，打师傅的时候已经是将军了，景元至少800多了,安徽,11,5,488466550,166325835760
_-Selene-_,女,2023-05-21 15:37:00 北京时间,4,镜流至少比景元大了七八百岁吧，但因为长生种成年后容貌不变，所以看上去差不多大,上海,11,5,1294966983,166346142320
赫刹玄,保密,2023-11-09 03:36:08 北京时间,1,回复 @清水_摸鱼 : 仙舟人只是快到千岁的时候容易坠入魔阴身 又不是只能活千岁,四川,11,3,3546394094734146,193616893216
伊利亚的白马王子,男,2024-01-14 02:14:44 北京时间,0,应该相当于现在的景元和这燕青的差距吧,浙江,11,5,355516572,203084991376
Jinnndanny,保密,2025-02-21 16:03:11 北京时间,0,好写！！[支持],安徽,1,4,27711480,255310128385
猫眼石咪嗷,女,2023-05-21 15:36:02 北京时间,0,这才叫一个和和美美[脱单doge],天津,1,5,419831707,166345964752
御坂19094,女,2023-05-21 13:01:43 北京时间,1,好,安徽,1,5,543809507,166318155984
-拨雪寻春-,保密,2024-01-23 13:59:31 北京时间,3,景元的人生：关关难过关关过,河南,1,5,101959476,204525346496
ubuntu-第二次,保密,2023-05-21 13:48:22 北京时间,5,为什么会喜欢你呢？因为你智绝天下、处事不惊？还是因为你温良谦恭、有趣又体贴？我不知道，我不知道，我只知道，我只知道，只要你还活着，只要在身边人的围绕下好好活着，我就满足了。,北京,1,6,513333844,166325753840
桐花离,保密,2023-05-21 14:37:22 北京时间,0,此局名为“长生不老”,吉林,6,5,1263489961,166334834624
小JC大梦想,男,2023-05-21 14:39:20 北京时间,0,万一是景元出手结束彦卿呢？1.1boss就有彦卿,北京,6,5,1397251656,166335288160
_星与风_,男,2023-05-21 14:46:35 北京时间,1,不一定，更倾向于爷参与之后改变了这个结局,黑龙江,6,6,102421157,166336610528
江望柳,保密,2023-05-21 14:51:45 北京时间,0,回复 @小JC大梦想 :有boss彦青也不可能是杀彦青啊，。,黑龙江,6,5,1243994338,166337702640
企业号nb,保密,2023-05-21 16:02:24 北京时间,0,如果是这样也太刀了，你杀我我杀她的，爷的作用呢,江西,6,6,497688379,166350387648
提灯映桃花iu,女,2023-05-21 18:08:55 北京时间,0,回复 @小JC大梦想 :彦卿目前一点黑化的迹象都没有。。而且听说是跟主角团切磋才当boss的。。,江西,6,5,1875001138,166363784848
撸猫令使,女,2023-05-23 00:32:16 北京时间,0,年纪大了确实风险有变高，不过景元还挺厉害的，白露检查也没查出什么，非常健康,浙江,1,6,486917709,166526407776
让风带走的约定,保密,2023-05-22 04:06:20 北京时间,3,镜流不是将军吧，哪来的谋权篡位,广东,4,6,186668958,166401145792
爱白嫖的屑萌新,保密,2023-05-22 04:07:02 北京时间,3,镜流不是将军吧，不是前一代剑首吗,广东,4,4,1827556395,166401233296
超级糖逗人,保密,2023-05-22 05:03:59 北京时间,0,回复 @让风带走的约定 :我是说个概念[笑哭],江苏,4,6,366130114,166410210592
木影葱葱,保密,2023-05-23 17:00:55 北京时间,2,不太可能，如果真是罗刹带来的镜流那他大概率是想拿镜流要挟景元或者和景元有啥不为人知的py交易，不可能闲的无聊给镜流洗个脑，并且目前来看罗刹也没奥托那样的恶趣味,日本,4,6,244381230,166654852416
木木叶昂,保密,2023-05-21 16:12:45 北京时间,1,[辣眼睛],湖北,2,5,1109036715,166352097424
冫深白,女,2023-05-21 17:55:15 北京时间,1,这里是评论区，不是无人区[藏狐],四川,2,5,311058189,166362775440
暗见乄,保密,2023-05-21 15:42:50 北京时间,0,一定是米哈游干的（,江西,1,5,367346734,166347220128
鼐燮勰,保密,2024-10-18 16:04:23 北京时间,1,你有品！！！！,甘肃,3,4,2113615699,244699720001
鼐燮勰,保密,2024-10-18 16:04:40 北京时间,1,磕景流你就是最有品的！！！[大笑][大笑],甘肃,3,4,2113615699,244699727233
鼐燮勰,保密,2024-10-18 16:07:14 北京时间,1,"cp文指路——老福特作者:睡生,,答应我一定要去看",甘肃,3,4,2113615699,244699835857
梦烛艳,保密,2023-05-21 18:39:46 北京时间,0,所以每个将军都会练一个徒弟？为的就是让徒弟可以斩杀堕入魔阴身的自己？,江西,4,6,404892249,166365538272
绫十化,保密,2023-05-21 18:43:28 北京时间,1,回复 @梦烛艳 : mhy的刀总是出其不意,湖北,4,5,497579664,166365764496
绫十化,保密,2023-05-21 18:47:01 北京时间,1,回复 @梦烛艳 : 其他几个将军的信息还没确定，如果有年龄比较接近然后又很强在来个星核影响提前发作这不就来了吗，然后徒弟和燕青现在一样还没到那种可以打败将军的程度，在加上崩坏s人也能进池子的设定等等baff。。。,湖北,4,5,497579664,166365746912
baodamayeye,保密,2023-06-04 01:57:55 北京时间,0,其实从绝灭大君和景元的对比来看说不定华一个人就能干碎其他所有人[脱单doge],广东,4,5,2077568934,168349937616
四十米斩钢闪,保密,2023-05-21 12:54:33 北京时间,1,[小电视_赞],安徽,1,5,237401737,166317028880
朋克洛德骇客狼,保密,2023-05-22 04:57:23 北京时间,0,还都一个配音[吃瓜],湖南,1,5,490154327,166409297472
银汉星如海,男,2023-05-22 13:15:18 北京时间,2,米哈游最大的特点就是舍得花钱打造充满氛围感的社区圈子。,河南,2,6,435032813,166474587280
银汉星如海,男,2023-05-22 13:16:39 北京时间,1,曾经我在一个冷圈里坚持了十二年，我从未放弃它。去年底，它却主动放弃了我，主动放弃了所有中国玩家。于是我转身投入了米哈游的怀抱，真香。原来热圈的感觉是这样的。,河南,2,6,435032813,166474707200
羽皇浮生丶若梦,保密,2023-05-22 04:21:23 北京时间,0,求好友[doge],河南,1,5,77849473,166403347344
椰狼小鸣果,保密,2023-05-21 15:01:45 北京时间,0,确实,重庆,1,5,1730314204,166339682928
网友海宝宝棉,男,2023-06-29 12:48:32 北京时间,0,可能没发在外网，就更没可能有人re了,江苏,2,5,425572220,172362688928
鲁西欧,保密,2023-06-30 00:03:39 北京时间,0,回复 @Paradise_1014 :我记得暗猫手书外网是有的，很多主播都知道暗猫的作品就是刀，真希望这个手书有反应视频,广西,2,6,21851003,172421653168
豆腐脑里放辣椒,保密,2023-05-24 09:03:15 北京时间,0,太美了,广东,1,6,39546337,166732515456
DonoTbeafraidX,保密,2023-05-21 16:50:38 北京时间,0,视频结尾有bgm,辽宁,4,6,32967592,166357046688
油炸圣诞树,保密,2023-05-21 17:08:56 北京时间,0,关大洲的《景明》和《江天晓》,浙江,4,5,360757822,166358965760
一我是沙雕-,男,2023-05-22 16:02:34 北京时间,0,回复 @LuoX1a :哦哦没注意啊哈哈哈,安徽,4,5,482329706,166501469264
一我是沙雕-,男,2023-05-22 16:02:39 北京时间,0,回复 @液体卡农 :谢谢~,安徽,4,5,482329706,166501548928
火星人的黛米,保密,2023-05-21 13:01:50 北京时间,0,墨镜摘一下[妙啊],江苏,1,6,11921511,166318227408
吴老板是我老婆,保密,2024-07-19 15:37:25 北京时间,0,感觉大家会把关联手书都重新看一遍,福建,1,5,456230388,232451887152
再炫一锅,保密,2023-08-30 16:35:46 北京时间,0,景元这小子！怎么感觉有点好看了[傲娇],河南,2,4,1001799333,183826044032
月夜里的梦,女,2023-08-31 00:53:35 北京时间,1,回复 @再炫一锅 :本来就很有姿色[保卫萝卜_哇],河南,2,5,526809066,183851784768
油饼z,女,2023-07-06 13:38:33 北京时间,2,1.2快快来,广东,2,4,1635096290,173559965728
亓晓伊,女,2023-07-07 09:25:45 北京时间,1,回复 @油饼z : 哈哈哈看过还三连了,广东,2,5,1405019997,173688870432
DonoTbeafraidX,保密,2023-06-24 14:29:59 北京时间,1,关大洲的《江天晓》《景明》,辽宁,2,6,32967592,171583712112
二次元型桃园,女,2023-06-24 16:39:19 北京时间,0,回复 @LuoX1a :感谢家人！,内蒙古,2,6,11999875,171605286208
渺渺聿怀,保密,2023-06-08 13:32:22 北京时间,0,"让下一任去嘎了（bushi）,就算之前没有爷到了之后也必须有！毕竟规则就是用来打破的！",陕西,1,6,35843929,169067925664
尘落叶归尘,保密,2023-05-27 14:44:49 北京时间,1,画的是真的好啊[大哭][大哭][大哭][大哭][大哭][大哭][大哭][大哭],未知,2,6,365985251,167242616032
SSSSSSiri_,男,2023-05-27 15:24:41 北京时间,1,[跪了]美强惨，我也爱了,广东,2,6,4400687,167249246112
君墨漓呀,保密,2023-05-22 16:30:54 北京时间,0,离开景元元[难过],重庆,1,5,484527904,166505106096
灰烬丶萨菲罗斯,女,2023-05-21 15:48:14 北京时间,0,3小时不到11.2w播放,江苏,1,6,335075717,166348117648
米昂-L,保密,2023-05-21 13:06:29 北京时间,3,剧情里不是说是帝弓司命的赐福嘛,广东,3,6,343527063,166318950880
山大可二次方,保密,2023-05-21 13:08:35 北京时间,4,巡猎给的，神君感觉像罗浮将军代代相传的赐福，不然古书上也不会有记录[提摩西小队第二弹_冲浪],江苏,3,6,102903503,166319378352
文文文文无华,保密,2023-05-21 13:16:04 北京时间,1,应该是巡猎赐福，我好奇以后会不会有景元和神君一体的万丈法身了，（拿毁灭来比的话）毕竟末日兽不是令使都很大一只[脱单doge],江苏,3,5,452499553,166320432128
大保底别歪啦,保密,2023-05-21 13:06:17 北京时间,0,big胆猜测一下，镜流在罗刹棺材里[doge],福建,1,4,1484576736,166318965808
_-Selene-_,女,2023-05-22 00:53:35 北京时间,1,但是星穹列车来了[doge]规则，就是用来打破的,上海,1,5,1294966983,166380149152
凉栀____,保密,2024-02-08 14:42:38 北京时间,0,[大哭],江苏,1,4,169634457,207126292240
山色抹微云,保密,2024-01-14 09:01:29 北京时间,0,bgm应该是这个https://b23.tv/UwcbeNn,广东,3,5,2124375839,203138386112
观南望北,保密,2024-01-14 09:02:40 北京时间,0,回复 @望羽客捏 :谢谢,山东,3,5,1724074812,203138595568
山色抹微云,保密,2024-01-14 10:22:57 北京时间,0,回复 @观南望北 :[脱单doge]客气了,广东,3,5,2124375839,203150007136
月下蔷薇zero,保密,2023-09-28 14:24:06 北京时间,6,镜流和景元是师徒和友人关系，所以景元以前肯定是想要亲近她的。,重庆,6,5,389311614,187871276000
某恪,保密,2023-09-30 10:47:12 北京时间,2,与爱情无关，只是师徒情加之后云上五骁并肩作战的战友情。,江西,6,5,301079615,188128061440
iiwena,保密,2023-09-30 14:15:22 北京时间,1,不是。。。,福建,6,6,400143597,188157858624
紅色妄想,保密,2023-10-05 02:30:28 北京时间,3,看你怎么理解了,四川,6,5,33399378,188801388688
_-Selene-_,女,2023-10-18 17:30:15 北京时间,2,看你怎么理解，目前剧情暂时没有点明到底是什么性质的情感,上海,6,5,1294966983,190651523216
达达利亚的永远的老婆,保密,2024-06-18 11:54:43 北京时间,1,看你怎么理解了，感情肯定是很深的，毕竟几百年亦师亦友的情谊,山东,6,6,366538405,226964736096
九百九十九亿少男的梦,女,2023-08-26 10:17:04 北京时间,0,真的好帅啊啊啊啊啊,黑龙江,3,5,1516273286,183084078528
九百九十九亿少男的梦,女,2023-08-26 10:17:33 北京时间,0,从小穿到大，怕不是昆仑踏雪宫产的弟子服,黑龙江,3,5,1516273286,183084267344
朝浪之海,保密,2023-08-26 10:18:23 北京时间,0,回复 @娶眉鬓 :对，我就想着这个突然忘了叫什么,黑龙江,3,5,580701437,183084422048
我药呢_,女,2023-08-14 12:57:36 北京时间,0,看过呢，不过谢谢你忘记投币了[保卫萝卜_哇][保卫萝卜_哇],湖南,1,5,594482264,180900651648
林曳爷爷,保密,2023-08-23 17:16:02 北京时间,0,国家宝藏关大洲老师的曲子,广东,1,5,107929699,182615011952
我是秦始皇你要信我呀,保密,2023-07-29 07:30:18 北京时间,0,寿命到了，本来就几百来岁的人了,湖南,1,5,693393163,177738193392
墨玉拾肆,保密,2023-06-15 10:05:39 北京时间,1,这是二创，哥们，什么都要和官方比一下？,浙江,2,5,431413241,170138702736
网友海宝宝棉,男,2023-06-29 12:46:22 北京时间,0,我觉得比官方的好,江苏,2,5,425572220,172362489968
山木石木,女,2023-06-05 12:52:05 北京时间,0,BV16g4y157Zc  看这个官方剧情PV就懂了,江苏,1,6,53114912,168589648752
Chloris_S,保密,2023-05-25 04:45:19 北京时间,1,视觉听觉的双重享受[给心心],广东,1,5,302159538,166850320816
账号已注销,保密,2023-05-24 08:59:40 北京时间,0,哇哦，这个看过哎,河南,1,0,670449881,166732127488
KeiTsukishima,保密,2023-05-23 13:12:38 北京时间,0,死了,浙江,1,6,437537472,166619707472
uigfigc,保密,2023-05-22 05:59:29 北京时间,1,希莉儿姐姐就算是寿终正寝也早就去世了吧,广东,4,5,650122404,166417463680
蓝天白牙,保密,2023-05-22 06:23:23 北京时间,0,回复 @uigfigc :克拉拉是机器人啊，改造过的，所以她姐姐也可以是,广东,4,6,15803354,166420165120
uigfigc,保密,2023-05-23 00:40:19 北京时间,1,回复 @蓝天白牙 :我超，克拉拉是机器人？,广东,4,5,650122404,166526981568
uigfigc,保密,2023-05-23 00:41:27 北京时间,0,回复 @蓝天白牙 :但是发色不一样，感觉如果真的有血缘关系的话发色会做成一样的，就跟长乐天那个景芳一样,广东,4,5,650122404,166526954448
永远记住那温柔的夜晚,男,2023-05-21 23:54:09 北京时间,0,大早上突然给我一刀[原神_生气][原神_生气],山东,1,5,446314720,166375759312
v我50助力韩信登基楚王,保密,2023-05-21 15:39:15 北京时间,0,咋说，上仙和凯文那是物理作弊，五万年里大部分时间在睡觉，而且是使用的崩坏兽基因改造才出现的长生，这个情况不一样，至于主教才五百岁，仙舟人200岁成年，主教的年龄在仙舟都算小辈了,四川,1,5,687127317,166346463808
苍茫夜华,保密,2023-05-21 15:43:10 北京时间,0,景明,江苏,1,5,686663831,166347180352
莊周夢魔鯨夢莊周,保密,2023-05-21 14:49:03 北京时间,1,所以上了反詐App[doge],中国香港,1,6,182375497,166337091376
忆若流雪,保密,2023-05-21 14:23:04 北京时间,0,看论坛说命座好像强度挺高,广东,1,6,2542067,166332019856
纸鸢江上,保密,2023-05-24 04:40:31 北京时间,0,刀子就是祝福呀，确信,辽宁,1,5,1462000156,166702261728
鹅鹅鹅嘎嘎嘎嘎,保密,2023-05-21 13:45:32 北京时间,0,我们使徒仨人对阵你们，使徒仨人[doge],广西,1,5,662047895,166325332480
暗猫の祝福,保密,2023-05-21 13:18:13 北京时间,3,其实做的时候也不知道官方pv做的啥[doge],上海,2,6,888465,166320706240
冬哒冬哒,女,2023-05-21 14:54:53 北京时间,0,回复 @暗猫の祝福 :诶？！？！Σ(ﾟдﾟ；),四川,2,6,353154783,166338268448
兰西妲,男,2023-05-21 13:01:41 北京时间,0,答：百年誓（弑）师大会[滑稽],海南,1,5,76857062,166318153616
vonO_o,保密,2023-05-21 12:58:07 北京时间,0,速来,广西,1,6,22119359,166317569664
小孩纸吖U,保密,2023-05-21 12:55:01 北京时间,0,暗猫出品，必为精品！,上海,1,5,316973306,166317216112
时荔,女,2023-05-21 12:55:43 北京时间,0,真热乎,广东,1,6,26066201,166317186048
钟离昶箜,保密,2023-05-21 13:18:34 北京时间,6,大佬给个好友位[星星眼],江苏,58,5,406247769,166320962128
圆锥曲线怎么练,保密,2023-05-21 13:21:19 北京时间,0,大佬给个好友位[星星眼],河南,58,5,521148349,166321315728
ジ柒夜溟,保密,2023-05-21 13:25:31 北京时间,0,大佬给个好友位[星星眼],浙江,58,6,32061337,166321961104
远古飞升者,保密,2023-05-21 13:26:01 北京时间,17,大佬也让我薅一下！[崩坏3·光辉矢愿_比心],陕西,58,5,177701136,166322043376
账号已注销,保密,2023-05-21 13:26:09 北京时间,1,大佬给个好友位[星星眼],广东,58,0,1321329795,166321997536
沈浪_2046,男,2023-05-21 13:26:18 北京时间,0,回复 @ジ柒夜溟 : 好友已满,北京,58,6,261175080,166322060416
沈浪_2046,男,2023-05-21 13:26:27 北京时间,0,回复 @钟离昶箜 : 好友已满,北京,58,6,261175080,166322174720
雨前云雾,保密,2023-05-21 13:29:22 北京时间,0,好朋友！,新疆,58,6,349453,166322595232
帝弓司命必秒寿瘟祸祖,保密,2023-05-21 13:30:23 北京时间,32,大佬！俺经济实力有限自己攒了0+1打算慢慢等复刻几轮抽满命[原神_哇],上海,58,6,183388100,166322772544
北鸢_夜离血,男,2023-05-21 13:34:30 北京时间,1,分点欧气，大小保底都是88抽才出货的我几时才能偷渡啊[大哭],广东,58,6,435334534,166323531472
硒雁,保密,2023-05-21 13:37:50 北京时间,0,大佬给的好友位让我蹭一下,湖南,58,5,487240276,166324043200
饭饭不下饭了,男,2023-05-21 13:42:49 北京时间,0,好快的好友位[保卫萝卜_哭哭],浙江,58,5,436181859,166324863808
白轩尼,男,2023-05-21 13:44:53 北京时间,1,[滑稽] 太帅了 没忍住,北京,58,6,11136244,166325240016
朝露微风,保密,2023-05-21 13:52:58 北京时间,0,大佬，菜菜，位位,河北,58,5,694528876,166326648656
越眠野,女,2023-05-21 14:14:28 北京时间,0,能加好友吗……只有景元没专武的孩子想看看配置[大哭],江苏,58,6,433524176,166330312272
初澜,保密,2023-05-21 14:31:09 北京时间,0,求个好友位大佬[大哭],江西,58,5,646917407,166333629792
天命之歌,保密,2023-05-21 14:35:15 北京时间,0,大佬，蹭蹭[大哭],贵州,58,6,325645066,166334376064
非梁生,男,2023-05-21 14:38:33 北京时间,0,俺想看爆伤200[崩坏3_lay了],江苏,58,6,41610299,166335020208
想吃咩喵-,男,2023-05-21 14:44:05 北京时间,0,求个好友位QWQ,陕西,58,5,631519464,166336242544
桂远子,男,2023-05-21 14:49:41 北京时间,0,大佬给个好友位[喜欢][喜欢],江苏,58,6,208956306,166337181984
仓鼠秋秋,保密,2023-05-21 14:50:34 北京时间,0,这也太牛了[保卫萝卜_哭哭],北京,58,6,142783771,166337465664
叶一陨,保密,2023-05-21 14:51:32 北京时间,0,大佬大佬[打call]我也想要好友位,湖北,58,6,78728941,166337622192
百雀归凰,保密,2023-05-21 15:02:27 北京时间,0,超喜欢景元！[保卫萝卜_哇][保卫萝卜_哇][保卫萝卜_哇],广东,58,5,399750222,166339846656
胡桃不是桃--,男,2023-05-21 15:03:10 北京时间,0,101548240大佬给个好友位[喜欢][脱单doge],江西,58,5,449162245,166339893200
一抹灬红茶,保密,2023-05-21 15:04:17 北京时间,0,555今天刚刚4个648加首充6+1这是玩游戏一来我最欧的一次[大哭][大哭][大哭](另外我是景元元的狗[脱单doge]),广东,58,6,310304814,166340050800
不秋草的凉,保密,2023-05-21 15:24:56 北京时间,0,我喜欢景元但无缘(小保底刚歪)[微笑],湖北,58,5,1488035597,166344048320
时晏师,保密,2023-05-21 15:51:44 北京时间,0,回复 @见白露乃超之 :痛，我也歪，然后大保底73抽了…[热词系列_破防了],上海,58,6,387262794,166348801456
暗猫の梦魇,女,2023-05-21 15:52:52 北京时间,0,auv京👴🏻加个好友呜呜呜,安徽,58,6,58323345,166348867920
椿芽菜菜子,保密,2023-05-21 15:58:33 北京时间,0,大佬给个好友位[星星眼],广东,58,5,1424964877,166349859136
如往昔丶枫,男,2023-05-21 17:49:15 北京时间,0,准备搏一搏1命，现在是0+2,广东,58,6,85366719,166362369424
神策将军景元元,保密,2023-05-21 18:59:13 北京时间,0,好耶[doge],广西,58,5,1619364716,166366427328
超好康的头像,保密,2023-05-21 22:20:13 北京时间,0,好友上限了[保卫萝卜_哭哭],广东,58,5,1976176667,166371694848
沈甜粥,女,2023-05-22 01:03:00 北京时间,0,大佬给个好友位！我0+1景元[笑哭],上海,58,6,6326528,166380934384
梦筱__,男,2023-05-22 02:12:38 北京时间,0,好友已上限,广东,58,6,381524169,166387519424
原地转圈的柚子,女,2023-05-22 04:36:59 北京时间,0,我烤，有佬，蹭蹭[脱单doge],新疆,58,6,12360451,166406009776
_东海帝王_,男,2023-05-22 04:52:21 北京时间,0,大佬蹭蹭嘛，能进去更好了(=・ω・=),四川,58,6,7995895,166408411456
小淋空,保密,2023-05-22 05:36:54 北京时间,0,经济有限只能0+1了，还是184抽[大哭][大哭][大哭],广东,58,5,265119982,166414768112
研言魇,女,2023-05-22 07:17:09 北京时间,0,蹭蹭大佬好友位[初音未来_大笑],广西,58,6,25814008,166425687984
莫名的幺幺麟,保密,2023-05-22 07:25:03 北京时间,1,哇,新疆,58,6,389741740,166426421856
fvgcbtf,保密,2023-05-22 09:23:06 北京时间,0,大佬给个好友位[星星眼],福建,58,5,1395037251,166439702240
汐瓜P,女,2023-05-22 09:28:18 北京时间,0,好耶,河南,58,6,483193969,166440412800
区区生吃大保底而已,保密,2023-05-22 09:50:11 北京时间,0,大佬给个好友位[星星眼],广西,58,6,256284264,166443315872
神秘大耳朵,男,2023-05-22 11:16:12 北京时间,0,全大保底0+1非酋给你点赞,四川,58,6,13176101,166456486032
载不动许多-愁,男,2023-05-22 11:45:35 北京时间,0,大佬自己的0+1伤害好低让我速速用用支援,青海,58,6,28696649,166460890656
斯乌安3,保密,2023-05-22 12:25:17 北京时间,0,求好友～102810551,北京,58,5,646714916,166466858128
叩潭yqxy-,保密,2023-05-22 14:31:17 北京时间,0,佬多少抽捞到的？想参考一下）,北京,58,6,486632984,166486795968
Volodymyr23333,保密,2023-05-22 15:12:49 北京时间,0,太难受了，临近高考没太敢花时间肝。。。只能等复刻了呜呜呜呜,未知,58,5,438827199,166493763632
一只花栗鼠li_k,男,2023-05-22 15:33:34 北京时间,0,这次大保底才来，小月卡玩家，决定攒满命，第一次这么喜欢一个角色，上线啥也不干看着景元都觉得开心[脱单doge],广东,58,6,302321654,166497033040
漏网之鱼非好鱼,保密,2023-05-22 18:08:10 北京时间,0,义父，受孩儿一拜[大哭]求id！,河南,58,6,21789698,166513063760
不明月酒,保密,2023-05-23 01:59:19 北京时间,0,大佬求求好友位,河南,58,5,95261997,166533598160
烟花染灯,男,2023-05-23 06:01:38 北京时间,0,回复 @重装小鹤19薇 :什么，你怎么知道我21抽0+1？,山东,58,5,475519525,166563546432
龗旎蒽,保密,2023-05-23 08:28:43 北京时间,1,[hanser_冲鸭][hanser_冲鸭][hanser_冲鸭],福建,58,6,384721027,166578703968
沈浪_2046,男,2023-05-23 09:03:14 北京时间,0,回复 @叩潭yqxy- :我很黑的，17个648[辣眼睛],北京,58,6,261175080,166582744096
_阿圆,男,2023-05-23 10:20:14 北京时间,1,大佬 能不能让俺蹭蹭,四川,58,6,20655230,166593170560
没事狛枝会好好躺着的,女,2023-05-23 14:10:27 北京时间,0,元元宝贝不爱我啊啊啊，他不来啊啊啊，刚小保底出了希儿，抽不到宝贝了，等复刻[大哭],四川,58,3,3493136194079050,166629105040
川渝海fvice,保密,2023-05-24 10:37:29 北京时间,0,大佬能不能给个好友位[星星眼],天津,58,5,2108702901,166745669696
醉离君子,保密,2023-05-24 12:46:37 北京时间,0,大佬给个好友位[星星眼],浙江,58,4,3493269298219917,166764898528
孤独ghh,男,2023-05-27 03:33:31 北京时间,0,大佬[冬日颂歌欧皇套装_6],浙江,58,5,1669976941,167142110704
无水也澎湃,男,2023-05-21 13:19:54 北京时间,19,冻结,福建,18,6,223980230,166321079696
轶事闲人,女,2023-05-21 13:23:17 北京时间,22,回复 @无水也澎湃 :所以我专门给景元拉了一只布洛妮娅[脱单doge],江苏,18,6,86856476,166321685840
森林防火3289,女,2023-05-21 13:30:05 北京时间,12,史瓦罗：你强任你强，但你的神君在我面前一刀都砍不出来。[脱单doge],江苏,18,6,32888190,166322700672
洗洗睡-_-,保密,2023-05-21 13:37:21 北京时间,0,虽迟但到,重庆,18,6,35215947,166323967248
米哈游戏糕手,保密,2023-05-21 13:39:54 北京时间,1,虽然但是，可可利亚一阶段是没有鸭鸭的[doge],辽宁,18,6,47721574,166324431312
永远心怀希望,保密,2023-05-21 13:44:43 北京时间,1,哈哈哈哈,新疆,18,6,143521015,166325178064
龙神SA,保密,2023-05-21 14:17:36 北京时间,0,这什么b伤害[doge],福建,18,6,543592088,166330994320
L-C振荡回路,保密,2023-05-21 14:20:23 北京时间,3,回复 @轶事闲人 :可可利亚也带板鸭拉自己，给你看看什么是瞬大[doge],广东,18,5,472570266,166331530368
QAQ小问号,保密,2023-05-21 14:50:09 北京时间,0,冰寒的审判[脱单doge][脱单doge],江苏,18,6,173449154,166337323328
白娅-LYJ,男,2023-05-21 14:54:06 北京时间,0,化为冰雕吧,广东,18,6,4841745,166338058080
DonoTbeafraidX,保密,2023-05-21 14:55:15 北京时间,1,回复 @森林防火3289 :我巡猎回响他爪子放出来就没了[吃瓜],辽宁,18,6,32967592,166338408224
沉沦刃的彼岸,男,2023-05-21 14:56:46 北京时间,0,想要图[妙啊],广东,18,5,108728258,166338597552
游夢の,男,2023-05-21 15:14:07 北京时间,10,"布洛妮娅：妈，你犯啥天条了,可可利亚：我不知道啊",云南,18,5,1003517643,166341962080
筱小渔,男,2023-05-21 15:22:47 北京时间,1,加里奥：是时候重拳出击了[doge],安徽,18,6,1426141942,166343628544
百年拉里,女,2023-05-21 15:35:14 北京时间,0,笑死了，这图看一次笑一次,山西,18,6,67285321,166345829856
bikehero,男,2023-05-21 16:18:16 北京时间,0,"鸭：麻麻，那是甚么动物[哦呼],可：我不到啊[灵魂出窍][灵魂出窍]",陕西,18,5,520903459,166352880800
景元元YYDS,男,2023-05-21 16:30:30 北京时间,0,"回复 @森林防火3289 :走毁灭+,火主就行了。。。一下就给爪子打爆，打史瓦罗别挂机就行，其他挂机过。",浙江,18,6,9846416,166354450208
奈亚拉托没普,保密,2023-05-21 23:14:43 北京时间,0,回复 @落叶未能有时 :看我动态(･∀･),四川,18,5,477162911,166373677552
